election_id,election_year,election_date,election_type,pref_code,prefecture,share_公明党,share_参政党,share_国民民主党,share_希望の党,share_日本共産党,share_日本維新の会,share_次世代の党,share_民主党,share_民進党,share_立憲民主党,share_維新の党,share_自由民主党,treat_period,foreign_total,foreign_growth_yoy,by_status_intern_low_skill,by_status_long_term,by_status_other,by_status_other_work,by_status_permanent,by_status_skilled_specialist,by_status_specified_skilled,by_status_spouse_japanese,by_status_student
2013_sangiin,2013,2013-07-21,sangiin_pr,01,北海道,14.23,,,,,6.01,,16.8,,,,30.18,,,,,,,,,,,,
2013_sangiin,2013,2013-07-21,sangiin_pr,02,青森県,12.89,,,,,6.72,,11.09,,,,41.79,,,,,,,,,,,,
2013_sangiin,2013,2013-07-21,sangiin_pr,03,岩手県,8.93,,,,,5.42,,14.14,,,,33.04,,,,,,,,,,,,
2013_sangiin,2013,2013-07-21,sangiin_pr,04,宮城県,12.66,,,,,11.44,,14.35,,,,33.46,,,,,,,,,,,,
2013_sangiin,2013,2013-07-21,sangiin_pr,05,秋田県,11.23,,,,,12.72,,16.67,,,,40.7,,,,,,,,,,,,
2013_sangiin,2013,2013-07-21,sangiin_pr,06,山形県,10.27,,,,,6.75,,21.42,,,,40.58,,,,,,,,,,,,
2013_sangiin,2013,2013-07-21,sangiin_pr,07,福島県,12.83,,,,,7.06,,20.2,,,,36.33,,,,,,,,,,,,
2013_sangiin,2013,2013-07-21,sangiin_pr,08,茨城県,15.44,,,,,10.25,,12.5,,,,38.33,,,,,,,,,,,,
2013_sangiin,2013,2013-07-21,sangiin_pr,09,栃木県,12.41,,,,,6.49,,15.65,,,,32.83,,,,,,,,,,,,
2013_sangiin,2013,2013-07-21,sangiin_pr,10,群馬県,12.7,,,,,10.36,,11.84,,,,43.91,,,,,,,,,,,,
2013_sangiin,2013,2013-07-21,sangiin_pr,11,埼玉県,15.51,,,,,9.56,,11.89,,,,32.72,,,,,,,,,,,,
2013_sangiin,2013,2013-07-21,sangiin_pr,12,千葉県,14.89,,,,,10.23,,13.02,,,,34.16,,,,,,,,,,,,
2013_sangiin,2013,2013-07-21,sangiin_pr,13,東京都,12.22,,,,,11.28,,10.4,,,,31.92,,,,,,,,,,,,
2013_sangiin,2013,2013-07-21,sangiin_pr,14,神奈川県,11.31,,,,,10.44,,12.24,,,,34.26,,,,,,,,,,,,
2013_sangiin,2013,2013-07-21,sangiin_pr,15,新潟県,9.08,,,,,10.25,,16.72,,,,39.24,,,,,,,,,,,,
2013_sangiin,2013,2013-07-21,sangiin_pr,16,富山県,9.3,,,,,8.97,,9.41,,,,46.87,,,,,,,,,,,,
2013_sangiin,2013,2013-07-21,sangiin_pr,17,石川県,9.33,,,,,8.23,,15.94,,,,49.35,,,,,,,,,,,,
2013_sangiin,2013,2013-07-21,sangiin_pr,18,福井県,10.8,,,,,8.93,,16.02,,,,47.78,,,,,,,,,,,,
2013_sangiin,2013,2013-07-21,sangiin_pr,19,山梨県,13.46,,,,,8.96,,15.36,,,,35.08,,,,,,,,,,,,
2013_sangiin,2013,2013-07-21,sangiin_pr,20,長野県,11.58,,,,,8.04,,18.19,,,,30.63,,,,,,,,,,,,
2013_sangiin,2013,2013-07-21,sangiin_pr,21,岐阜県,13.4,,,,,11.03,,13.84,,,,40.16,,,,,,,,,,,,
2013_sangiin,2013,2013-07-21,sangiin_pr,22,静岡県,13.64,,,,,11.52,,19.15,,,,33.57,,,,,,,,,,,,
2013_sangiin,2013,2013-07-21,sangiin_pr,23,愛知県,13.56,,,,,10.59,,18.15,,,,32.96,,,,,,,,,,,,
2013_sangiin,2013,2013-07-21,sangiin_pr,24,三重県,13.67,,,,,11.96,,23.21,,,,33.58,,,,,,,,,,,,
2013_sangiin,2013,2013-07-21,sangiin_pr,25,滋賀県,10.21,,,,,14.64,,17.09,,,,36.01,,,,,,,,,,,,
2013_sangiin,2013,2013-07-21,sangiin_pr,26,京都府,12.5,,,,,15.7,,12.27,,,,30.67,,,,,,,,,,,,
2013_sangiin,2013,2013-07-21,sangiin_pr,27,大阪府,18.2,,,,,28.73,,7.38,,,,24.47,,,,,,,,,,,,
2013_sangiin,2013,2013-07-21,sangiin_pr,28,兵庫県,15.64,,,,,19.54,,12.32,,,,30.85,,,,,,,,,,,,
2013_sangiin,2013,2013-07-21,sangiin_pr,29,奈良県,13.89,,,,,18.62,,11.37,,,,35.56,,,,,,,,,,,,
2013_sangiin,2013,2013-07-21,sangiin_pr,30,和歌山県,18.25,,,,,13.85,,7.64,,,,41.91,,,,,,,,,,,,
2013_sangiin,2013,2013-07-21,sangiin_pr,31,鳥取県,18.64,,,,,6.61,,16.95,,,,41.95,,,,,,,,,,,,
2013_sangiin,2013,2013-07-21,sangiin_pr,32,島根県,14.4,,,,,7.6,,13.83,,,,45.52,,,,,,,,,,,,
2013_sangiin,2013,2013-07-21,sangiin_pr,33,岡山県,19.35,,,,,10.77,,13.41,,,,38.06,,,,,,,,,,,,
2013_sangiin,2013,2013-07-21,sangiin_pr,34,広島県,16.34,,,,,12.04,,12.85,,,,38.76,,,,,,,,,,,,
2013_sangiin,2013,2013-07-21,sangiin_pr,35,山口県,16.44,,,,,7.17,,11.38,,,,48.38,,,,,,,,,,,,
2013_sangiin,2013,2013-07-21,sangiin_pr,36,徳島県,18.12,,,,,11.71,,16.01,,,,36.09,,,,,,,,,,,,
2013_sangiin,2013,2013-07-21,sangiin_pr,37,香川県,15.42,,,,,10.54,,10.59,,,,44.06,,,,,,,,,,,,
2013_sangiin,2013,2013-07-21,sangiin_pr,38,愛媛県,18.38,,,,,9.72,,10.1,,,,41.0,,,,,,,,,,,,
2013_sangiin,2013,2013-07-21,sangiin_pr,39,高知県,18.39,,,,,6.56,,14.68,,,,34.82,,,,,,,,,,,,
2013_sangiin,2013,2013-07-21,sangiin_pr,40,福岡県,19.69,,,,,11.26,,12.65,,,,34.63,,,,,,,,,,,,
2013_sangiin,2013,2013-07-21,sangiin_pr,41,佐賀県,14.65,,,,,8.91,,15.07,,,,43.41,,,,,,,,,,,,
2013_sangiin,2013,2013-07-21,sangiin_pr,42,長崎県,15.13,,,,,13.81,,15.16,,,,36.82,,,,,,,,,,,,
2013_sangiin,2013,2013-07-21,sangiin_pr,43,熊本県,17.16,,,,,8.23,,15.4,,,,41.98,,,,,,,,,,,,
2013_sangiin,2013,2013-07-21,sangiin_pr,44,大分県,14.13,,,,,7.26,,11.95,,,,40.14,,,,,,,,,,,,
2013_sangiin,2013,2013-07-21,sangiin_pr,45,宮崎県,19.09,,,,,9.92,,12.37,,,,40.39,,,,,,,,,,,,
2013_sangiin,2013,2013-07-21,sangiin_pr,46,鹿児島県,13.92,,,,,11.61,,12.61,,,,46.72,,,,,,,,,,,,
2013_sangiin,2013,2013-07-21,sangiin_pr,47,沖縄県,16.64,,,,,12.67,,6.66,,,,25.65,,,,,,,,,,,,
2014_shugiin,2014,2014-12-14,shugiin_pr,01,北海道,13.20376327904861,,,,12.976941264561711,,1.646187711424694,29.578397854314403,,,10.619460667654442,31.975249222996137,,,,,,,,,,,,
2014_shugiin,2014,2014-12-14,shugiin_pr,02,青森県,12.01557992644204,,,,11.41964356534844,,1.6281273613065097,21.73737888193572,,,14.962072981852643,38.23719728311465,,,,,,,,,,,,
2014_shugiin,2014,2014-12-14,shugiin_pr,03,岩手県,10.436384269951814,,,,13.929807918220064,,1.6402090601602086,26.403154520992462,,,10.541889609497254,37.048554621178205,,,,,,,,,,,,
2014_shugiin,2014,2014-12-14,shugiin_pr,04,宮城県,13.630775720330046,,,,11.363893248875822,,3.267484907065276,22.490657587018152,,,14.917447677243665,34.32974085946704,,,,,,,,,,,,
2014_shugiin,2014,2014-12-14,shugiin_pr,05,秋田県,11.403646322205903,,,,8.366222379274932,,1.687776759389114,21.706770321454997,,,18.632905242002277,38.20267897567278,,,,,,,,,,,,
2014_shugiin,2014,2014-12-14,shugiin_pr,06,山形県,13.177264219871287,,,,8.974407734729214,,1.5929858977310258,25.07141212855184,,,10.94992643599932,40.234003583117314,,,,,,,,,,,,
2014_shugiin,2014,2014-12-14,shugiin_pr,07,福島県,11.96495235719177,,,,10.65761758671277,,1.5833291102561005,29.072313375720032,,,14.69734829732023,32.02443927279909,,,,,,,,,,,,
2014_shugiin,2014,2014-12-14,shugiin_pr,08,茨城県,15.479942995711692,,,,9.912935363759425,,2.118020951348333,18.56145328472603,,,13.854866302869368,40.07278110158515,,,,,,,,,,,,
2014_shugiin,2014,2014-12-14,shugiin_pr,09,栃木県,14.642000403349927,,,,8.46968506862256,,2.4376134421670503,22.08818503147191,,,13.403689590387536,38.95882646400102,,,,,,,,,,,,
2014_shugiin,2014,2014-12-14,shugiin_pr,10,群馬県,14.675691970119207,,,,11.686448330913993,,2.3713415565025913,15.448069573497486,,,15.724029611689424,40.0944189572773,,,,,,,,,,,,
2014_shugiin,2014,2014-12-14,shugiin_pr,11,埼玉県,15.836893312360445,,,,14.335923519953631,,3.6603509408994017,18.68041892238693,,,14.76029280572902,32.726120498670575,,,,,,,,,,,,
2014_shugiin,2014,2014-12-14,shugiin_pr,12,千葉県,14.739828345381628,,,,12.161329043552904,,3.7471350582043703,19.117281610081783,,,14.600731622300298,35.633694320479016,,,,,,,,,,,,
2014_shugiin,2014,2014-12-14,shugiin_pr,13,東京都,12.862914108406246,,,,16.27647970627903,,4.650147189347618,17.26615651804551,,,14.99262629411891,33.95167618380269,,,,,,,,,,,,
2014_shugiin,2014,2014-12-14,shugiin_pr,14,神奈川県,12.624698028557871,,,,12.842117466890986,,3.758331176394461,17.740121219964628,,,17.378887882317414,35.65584422587464,,,,,,,,,,,,
2014_shugiin,2014,2014-12-14,shugiin_pr,15,新潟県,9.121148421008792,,,,9.84132272708342,,1.8310686549366628,27.983555782547036,,,12.232222512050397,38.990681902373694,,,,,,,,,,,,
2014_shugiin,2014,2014-12-14,shugiin_pr,16,富山県,10.184192935734066,,,,7.801143778713833,,2.247503952296576,11.16139163280247,,,18.3476747763902,50.25809292406286,,,,,,,,,,,,
2014_shugiin,2014,2014-12-14,shugiin_pr,17,石川県,10.098007599444763,,,,7.768632894472409,,2.035866014217411,23.611559007865846,,,12.530203820286683,43.955730663712885,,,,,,,,,,,,
2014_shugiin,2014,2014-12-14,shugiin_pr,18,福井県,10.268900492795042,,,,7.512119552878644,,1.7745295743799998,16.29595747806461,,,16.275591287276807,47.8729016146049,,,,,,,,,,,,
2014_shugiin,2014,2014-12-14,shugiin_pr,19,山梨県,13.527961944482028,,,,11.463349278234547,,1.7451840296293937,22.08780042608172,,,14.73298259856788,36.44272172300443,,,,,,,,,,,,
2014_shugiin,2014,2014-12-14,shugiin_pr,20,長野県,10.901962974338927,,,,15.650517968335521,,2.139334878396113,27.19314215508335,,,16.65339401893167,27.46164800491442,,,,,,,,,,,,
2014_shugiin,2014,2014-12-14,shugiin_pr,21,岐阜県,12.538041060579285,,,,10.329861851687092,,3.515926361525664,20.40621819755148,,,17.11795928067813,36.09199324797835,,,,,,,,,,,,
2014_shugiin,2014,2014-12-14,shugiin_pr,22,静岡県,13.108730538125762,,,,9.615473891697313,,1.944524953984093,23.77438341193992,,,15.102439501786058,36.45444770246685,,,,,,,,,,,,
2014_shugiin,2014,2014-12-14,shugiin_pr,23,愛知県,12.470846402573855,,,,10.360119223754365,,2.4805440928826217,24.737012358166236,,,15.736452824300986,34.21502509832194,,,,,,,,,,,,
2014_shugiin,2014,2014-12-14,shugiin_pr,24,三重県,15.461065534620513,,,,9.242708504483987,,1.7152638999805125,26.71032839273137,,,14.65571811948895,32.21491554869467,,,,,,,,,,,,
2014_shugiin,2014,2014-12-14,shugiin_pr,25,滋賀県,9.025677787096033,,,,11.667403234169308,,1.6325699710128787,23.54533717972363,,,18.921317191485514,35.207694636512635,,,,,,,,,,,,
2014_shugiin,2014,2014-12-14,shugiin_pr,26,京都府,11.522397343240387,,,,19.174546452189915,,1.9386897056507646,17.804667157265232,,,18.76598943595361,30.79370990570009,,,,,,,,,,,,
2014_shugiin,2014,2014-12-14,shugiin_pr,27,大阪府,17.36430515997867,,,,13.072250646831286,,2.2281038004103393,8.546964259514999,,,33.29073523349969,25.497640899765024,,,,,,,,,,,,
2014_shugiin,2014,2014-12-14,shugiin_pr,28,兵庫県,14.71935266376782,,,,11.988552303993595,,2.4213062819392697,13.847033448248444,,,24.738384665198094,32.285370636852775,,,,,,,,,,,,
2014_shugiin,2014,2014-12-14,shugiin_pr,29,奈良県,13.17987685757784,,,,11.456186087870336,,1.8016652520108323,14.686990555488192,,,22.56325532516875,36.31202592188405,,,,,,,,,,,,
2014_shugiin,2014,2014-12-14,shugiin_pr,30,和歌山県,18.302282832487794,,,,11.427704453065637,,1.6052302267785805,12.582035765963903,,,22.286644313984137,33.79610240771995,,,,,,,,,,,,
2014_shugiin,2014,2014-12-14,shugiin_pr,31,鳥取県,17.754480068267707,,,,9.182006582957454,,1.9935795847047828,22.328416433012315,,,9.301881425494738,39.439635905563,,,,,,,,,,,,
2014_shugiin,2014,2014-12-14,shugiin_pr,32,島根県,16.058242198466345,,,,10.127404809145135,,1.9039748155484968,17.573599225287914,,,10.383539260806067,43.95323969074604,,,,,,,,,,,,
2014_shugiin,2014,2014-12-14,shugiin_pr,33,岡山県,18.415124232511257,,,,9.569758903922121,,5.640006000426346,17.290570645809044,,,15.16239311740571,33.92214709992552,,,,,,,,,,,,
2014_shugiin,2014,2014-12-14,shugiin_pr,34,広島県,16.660119740395384,,,,9.820298266416454,,4.051468865947811,17.56642092148519,,,14.072458524234715,37.82923368152044,,,,,,,,,,,,
2014_shugiin,2014,2014-12-14,shugiin_pr,35,山口県,16.622418583527026,,,,8.356709679142957,,1.7966391493681708,15.865859848788439,,,11.498991477652213,45.8593812615212,,,,,,,,,,,,
2014_shugiin,2014,2014-12-14,shugiin_pr,36,徳島県,17.436170138816482,,,,10.47970582306286,,1.9400941199368824,21.679561237044606,,,14.353985499690669,34.1104831814485,,,,,,,,,,,,
2014_shugiin,2014,2014-12-14,shugiin_pr,37,香川県,15.233674465851404,,,,7.138387749598783,,2.0716666273958473,24.256014325994926,,,10.96258014519731,40.33767668596173,,,,,,,,,,,,
2014_shugiin,2014,2014-12-14,shugiin_pr,38,愛媛県,15.608699313881665,,,,7.055783624546873,,4.618621061628801,20.31368993328758,,,16.22367923564733,36.17952683100775,,,,,,,,,,,,
2014_shugiin,2014,2014-12-14,shugiin_pr,39,高知県,17.54000690670252,,,,20.805267869416383,,1.7585269277579034,19.584860239857036,,,9.109806511746424,31.201531544519735,,,,,,,,,,,,
2014_shugiin,2014,2014-12-14,shugiin_pr,40,福岡県,20.626544198052066,,,,10.94923902241772,,2.2143136399982626,16.858848432486468,,,14.39580058574278,34.95525412130271,,,,,,,,,,,,
2014_shugiin,2014,2014-12-14,shugiin_pr,41,佐賀県,14.121669268782567,,,,5.745417029087905,,1.4962395080766202,28.827785658820076,,,10.009137131050604,39.799751404182224,,,,,,,,,,,,
2014_shugiin,2014,2014-12-14,shugiin_pr,42,長崎県,19.09410972948621,,,,7.89961085021534,,1.8710336478296417,23.846965317651158,,,11.409745615807749,35.8785348390099,,,,,,,,,,,,
2014_shugiin,2014,2014-12-14,shugiin_pr,43,熊本県,19.027524795568844,,,,8.640067015856644,,2.2735606347427133,14.916096028237286,,,15.76258857689682,39.380162948697695,,,,,,,,,,,,
2014_shugiin,2014,2014-12-14,shugiin_pr,44,大分県,18.001351975423496,,,,8.910544292811998,,1.9324770822317858,20.284093317537977,,,12.40113958588502,38.47039374610973,,,,,,,,,,,,
2014_shugiin,2014,2014-12-14,shugiin_pr,45,宮崎県,19.34052423808746,,,,9.070433087126489,,3.8266114702294622,13.30693573328979,,,13.143891733020851,41.31160373824594,,,,,,,,,,,,
2014_shugiin,2014,2014-12-14,shugiin_pr,46,鹿児島県,18.428021013552197,,,,7.783404592890025,,1.7141721616169898,15.767418900526284,,,15.17883756763875,41.128145763775755,,,,,,,,,,,,
2014_shugiin,2014,2014-12-14,shugiin_pr,47,沖縄県,20.00036107437681,,,,17.98849978109866,,1.4467798935733274,11.20797432761181,,,17.43583031309662,31.920554610242778,,,,,,,,,,,,
2016_sangiin,2016,2016-07-10,sangiin_pr,01,北海道,13.41,,,,11.44,,,,30.62,,,32.82,,,,,,,,,,,,
2016_sangiin,2016,2016-07-10,sangiin_pr,02,青森県,12.76,,,,8.92,,,,24.61,,,40.44,,,,,,,,,,,,
2016_sangiin,2016,2016-07-10,sangiin_pr,03,岩手県,8.61,,,,11.24,,,,22.44,,,34.9,,,,,,,,,,,,
2016_sangiin,2016,2016-07-10,sangiin_pr,04,宮城県,13.42,,,,9.99,,,,25.4,,,36.68,,,,,,,,,,,,
2016_sangiin,2016,2016-07-10,sangiin_pr,05,秋田県,11.19,,,,7.56,,,,22.72,,,43.46,,,,,,,,,,,,
2016_sangiin,2016,2016-07-10,sangiin_pr,06,山形県,11.78,,,,7.6,,,,21.47,,,42.49,,,,,,,,,,,,
2016_sangiin,2016,2016-07-10,sangiin_pr,07,福島県,10.96,,,,10.45,,,,28.31,,,33.82,,,,,,,,,,,,
2016_sangiin,2016,2016-07-10,sangiin_pr,08,茨城県,15.05,,,,10.07,,,,18.95,,,40.64,,,,,,,,,,,,
2016_sangiin,2016,2016-07-10,sangiin_pr,09,栃木県,12.42,,,,7.0,,,,21.63,,,38.78,,,,,,,,,,,,
2016_sangiin,2016,2016-07-10,sangiin_pr,10,群馬県,13.85,,,,10.0,,,,19.31,,,42.06,,,,,,,,,,,,
2016_sangiin,2016,2016-07-10,sangiin_pr,11,埼玉県,16.0,,,,13.94,,,,20.4,,,32.3,,,,,,,,,,,,
2016_sangiin,2016,2016-07-10,sangiin_pr,12,千葉県,13.98,,,,11.34,,,,21.7,,,37.79,,,,,,,,,,,,
2016_sangiin,2016,2016-07-10,sangiin_pr,13,東京都,11.44,,,,14.21,,,,19.76,,,34.37,,,,,,,,,,,,
2016_sangiin,2016,2016-07-10,sangiin_pr,14,神奈川県,12.18,,,,12.46,,,,21.49,,,34.92,,,,,,,,,,,,
2016_sangiin,2016,2016-07-10,sangiin_pr,15,新潟県,8.27,,,,8.0,,,,25.25,,,43.66,,,,,,,,,,,,
2016_sangiin,2016,2016-07-10,sangiin_pr,16,富山県,9.81,,,,5.79,,,,24.22,,,44.16,,,,,,,,,,,,
2016_sangiin,2016,2016-07-10,sangiin_pr,17,石川県,11.0,,,,7.07,,,,18.54,,,48.09,,,,,,,,,,,,
2016_sangiin,2016,2016-07-10,sangiin_pr,18,福井県,10.91,,,,5.66,,,,17.52,,,45.29,,,,,,,,,,,,
2016_sangiin,2016,2016-07-10,sangiin_pr,19,山梨県,12.83,,,,9.2,,,,28.04,,,37.36,,,,,,,,,,,,
2016_sangiin,2016,2016-07-10,sangiin_pr,20,長野県,10.7,,,,12.61,,,,27.69,,,35.27,,,,,,,,,,,,
2016_sangiin,2016,2016-07-10,sangiin_pr,21,岐阜県,12.33,,,,9.41,,,,23.62,,,39.71,,,,,,,,,,,,
2016_sangiin,2016,2016-07-10,sangiin_pr,22,静岡県,12.68,,,,9.59,,,,24.13,,,37.47,,,,,,,,,,,,
2016_sangiin,2016,2016-07-10,sangiin_pr,23,愛知県,11.67,,,,9.55,,,,29.27,,,34.32,,,,,,,,,,,,
2016_sangiin,2016,2016-07-10,sangiin_pr,24,三重県,13.07,,,,7.59,,,,34.23,,,33.67,,,,,,,,,,,,
2016_sangiin,2016,2016-07-10,sangiin_pr,25,滋賀県,9.57,,,,11.44,,,,22.25,,,37.85,,,,,,,,,,,,
2016_sangiin,2016,2016-07-10,sangiin_pr,26,京都府,12.25,,,,18.5,,,,19.93,,,31.18,,,,,,,,,,,,
2016_sangiin,2016,2016-07-10,sangiin_pr,27,大阪府,16.39,,,,11.37,,,,9.3,,,22.12,,,,,,,,,,,,
2016_sangiin,2016,2016-07-10,sangiin_pr,28,兵庫県,15.37,,,,10.3,,,,15.84,,,31.71,,,,,,,,,,,,
2016_sangiin,2016,2016-07-10,sangiin_pr,29,奈良県,13.44,,,,9.17,,,,18.41,,,33.51,,,,,,,,,,,,
2016_sangiin,2016,2016-07-10,sangiin_pr,30,和歌山県,18.0,,,,10.43,,,,12.1,,,39.61,,,,,,,,,,,,
2016_sangiin,2016,2016-07-10,sangiin_pr,31,鳥取県,16.71,,,,7.14,,,,20.93,,,41.62,,,,,,,,,,,,
2016_sangiin,2016,2016-07-10,sangiin_pr,32,島根県,13.43,,,,7.5,,,,19.14,,,48.24,,,,,,,,,,,,
2016_sangiin,2016,2016-07-10,sangiin_pr,33,岡山県,17.18,,,,7.87,,,,19.91,,,37.87,,,,,,,,,,,,
2016_sangiin,2016,2016-07-10,sangiin_pr,34,広島県,15.2,,,,8.52,,,,18.53,,,39.93,,,,,,,,,,,,
2016_sangiin,2016,2016-07-10,sangiin_pr,35,山口県,16.5,,,,7.39,,,,17.27,,,46.75,,,,,,,,,,,,
2016_sangiin,2016,2016-07-10,sangiin_pr,36,徳島県,16.87,,,,9.1,,,,17.72,,,38.44,,,,,,,,,,,,
2016_sangiin,2016,2016-07-10,sangiin_pr,37,香川県,15.14,,,,7.56,,,,16.6,,,44.07,,,,,,,,,,,,
2016_sangiin,2016,2016-07-10,sangiin_pr,38,愛媛県,14.82,,,,6.97,,,,19.28,,,43.57,,,,,,,,,,,,
2016_sangiin,2016,2016-07-10,sangiin_pr,39,高知県,15.83,,,,17.41,,,,16.95,,,37.01,,,,,,,,,,,,
2016_sangiin,2016,2016-07-10,sangiin_pr,40,福岡県,17.15,,,,10.78,,,,19.08,,,36.52,,,,,,,,,,,,
2016_sangiin,2016,2016-07-10,sangiin_pr,41,佐賀県,15.48,,,,5.67,,,,21.1,,,43.53,,,,,,,,,,,,
2016_sangiin,2016,2016-07-10,sangiin_pr,42,長崎県,16.86,,,,6.27,,,,20.68,,,41.7,,,,,,,,,,,,
2016_sangiin,2016,2016-07-10,sangiin_pr,43,熊本県,15.27,,,,6.32,,,,19.29,,,46.54,,,,,,,,,,,,
2016_sangiin,2016,2016-07-10,sangiin_pr,44,大分県,13.26,,,,6.85,,,,18.37,,,39.44,,,,,,,,,,,,
2016_sangiin,2016,2016-07-10,sangiin_pr,45,宮崎県,17.11,,,,7.27,,,,14.5,,,40.11,,,,,,,,,,,,
2016_sangiin,2016,2016-07-10,sangiin_pr,46,鹿児島県,14.49,,,,6.52,,,,16.19,,,45.97,,,,,,,,,,,,
2016_sangiin,2016,2016-07-10,sangiin_pr,47,沖縄県,15.09,,,,15.64,,,,13.29,,,27.82,,,,,,,,,,,,
2017_shugiin,2017,2017-10-22,shugiin_pr,01,北海道,12.292073900735614,,,13.646135756948985,9.48197356265243,3.0753960085434757,,,,29.396275321244897,,32.1081454498746,2016-12,28869,,0.0,1783.0,17987.0,168.0,1497.0,2622.0,89.0,3720.0,1003.0
2017_shugiin,2017,2017-10-22,shugiin_pr,02,青森県,11.182336307664695,,,21.08437868968709,8.625267681024516,2.594900291567762,,,,15.934697267498024,,40.578419762557914,2016-12,4568,,0.0,156.0,3267.0,10.0,345.0,344.0,10.0,355.0,81.0
2017_shugiin,2017,2017-10-22,shugiin_pr,03,岩手県,9.368179030218716,,,25.429260653990728,9.183830810823777,2.5681968482622266,,,,20.65162641045234,,32.798906246252216,2016-12,6275,,0.0,156.0,4919.0,17.0,424.0,342.0,4.0,322.0,91.0
2017_shugiin,2017,2017-10-22,shugiin_pr,04,宮城県,12.363877104331612,,,16.998031557439237,7.7565367051140015,3.963283453650141,,,,22.63937591848528,,36.27889526097973,2016-12,19314,,0.0,1288.0,10755.0,88.0,975.0,1278.0,59.0,4645.0,226.0
2017_shugiin,2017,2017-10-22,shugiin_pr,05,秋田県,10.998603490874945,,,26.977293796077838,5.972762104073748,2.7757110857361114,,,,13.765760460887796,,39.50986906234956,2016-12,3695,,0.0,143.0,2639.0,5.0,225.0,237.0,3.0,375.0,68.0
2017_shugiin,2017,2017-10-22,shugiin_pr,06,山形県,12.50505165091497,,,25.947406110193345,6.053650305226066,2.9907545925710597,,,,16.686932353962977,,35.816204987131584,2016-12,6378,,0.0,181.0,5003.0,15.0,430.0,353.0,11.0,312.0,73.0
2017_shugiin,2017,2017-10-22,shugiin_pr,07,福島県,11.865441191197974,,,23.448352241331165,8.144596993964129,3.41404332678652,,,,19.893397301236277,,33.23416894548394,2016-12,12068,,0.0,363.0,8790.0,52.0,1070.0,834.0,7.0,780.0,172.0
2017_shugiin,2017,2017-10-22,shugiin_pr,08,茨城県,13.88527904122446,,,21.217535983617854,6.18014124349407,2.871797901037667,,,,19.054498854693787,,36.79074697593216,2016-12,58182,,0.0,3229.0,41457.0,324.0,4104.0,3615.0,143.0,4444.0,866.0
2017_shugiin,2017,2017-10-22,shugiin_pr,09,栃木県,11.746161844761147,,,22.697902012355495,5.1568903296837725,3.1953024649825674,,,,21.356780231206802,,35.84696311701022,2016-12,36654,,0.0,1668.0,26493.0,415.0,2534.0,2335.0,9.0,2819.0,381.0
2017_shugiin,2017,2017-10-22,shugiin_pr,10,群馬県,12.486330734387035,,,19.764686577362838,7.642053212476411,3.227967225601356,,,,19.829098973442743,,37.04986327672961,2016-12,50220,,0.0,2069.0,38922.0,148.0,3475.0,2959.0,9.0,2075.0,563.0
2017_shugiin,2017,2017-10-22,shugiin_pr,11,埼玉県,13.722349256357221,,,18.03358390980825,8.86687670033254,3.8006911124464673,,,,24.61154510179313,,30.964953919262395,2016-12,152486,,0.0,13073.0,94263.0,616.0,9912.0,15303.0,83.0,16371.0,2865.0
2017_shugiin,2017,2017-10-22,shugiin_pr,12,千葉県,12.314100307335128,,,17.597156277851255,7.960820321544223,4.002730810584508,,,,23.201621676482993,,34.923570606201885,2016-12,133071,,0.0,10898.0,78993.0,857.0,9887.0,13811.0,83.0,16248.0,2294.0
2017_shugiin,2017,2017-10-22,shugiin_pr,13,東京都,11.264389909763821,,,18.16688101545408,10.8047865016181,3.462088223165046,,,,24.565699068281738,,31.736155281717217,2016-12,500874,,0.0,51589.0,226867.0,5909.0,26659.0,75148.0,724.0,100294.0,13684.0
2017_shugiin,2017,2017-10-22,shugiin_pr,14,神奈川県,11.083160810362804,,,17.50333677727178,8.325288637428924,4.018035421354696,,,,24.292938395931543,,34.77723995765025,2016-12,191741,,0.0,16384.0,119287.0,2454.0,12884.0,21608.0,230.0,15044.0,3850.0
2017_shugiin,2017,2017-10-22,shugiin_pr,15,新潟県,8.333862081363746,,,15.951887454219232,7.509632026620701,3.3133114079150054,,,,25.296187021703343,,39.59512000817797,2016-12,14731,,0.0,766.0,9337.0,108.0,1167.0,867.0,22.0,2290.0,174.0
2017_shugiin,2017,2017-10-22,shugiin_pr,16,富山県,8.721130262033451,,,20.699643741051908,5.054215730885764,7.365126577361464,,,,12.576495788153558,,45.583387900513856,2016-12,15052,,0.0,740.0,11574.0,60.0,899.0,935.0,8.0,682.0,154.0
2017_shugiin,2017,2017-10-22,shugiin_pr,17,石川県,8.952996720176278,,,24.181314225176926,4.994063199173552,3.844149099318632,,,,13.888162339043076,,44.139314417111535,2016-12,12537,,0.0,645.0,8477.0,25.0,619.0,610.0,40.0,1954.0,167.0
2017_shugiin,2017,2017-10-22,shugiin_pr,18,福井県,9.46416905769845,,,21.21279271553101,5.330394066979587,4.304432785866196,,,,15.670875074464933,,44.01733629945983,2016-12,12607,,0.0,197.0,10790.0,26.0,732.0,370.0,11.0,407.0,74.0
2017_shugiin,2017,2017-10-22,shugiin_pr,19,山梨県,12.854682752545996,,,17.12275215011728,7.529616690254451,3.5304975208083844,,,,23.71908433210281,,35.24336655417108,2016-12,14920,,0.0,839.0,10190.0,31.0,1230.0,968.0,8.0,1154.0,500.0
2017_shugiin,2017,2017-10-22,shugiin_pr,20,長野県,10.335928127005385,,,21.168593829094373,11.432338064546988,5.8342002574864384,,,,22.665383220334252,,28.56355650153256,2016-12,32483,,0.0,918.0,24490.0,60.0,3507.0,1346.0,17.0,1719.0,426.0
2017_shugiin,2017,2017-10-22,shugiin_pr,21,岐阜県,10.991546644156418,,,21.108163860347634,7.087124930792994,4.227660743165843,,,,19.778406540785447,,36.80709728075166,2016-12,48465,,0.0,1140.0,40837.0,85.0,2707.0,1427.0,22.0,1804.0,443.0
2017_shugiin,2017,2017-10-22,shugiin_pr,22,静岡県,11.61628503629606,,,25.205382364675362,6.772251961069362,4.281085914845621,,,,17.435902924316665,,34.68909179879693,2016-12,79836,,0.0,1993.0,64298.0,412.0,5853.0,3650.0,25.0,2972.0,633.0
2017_shugiin,2017,2017-10-22,shugiin_pr,23,愛知県,11.573863901732755,,,21.536686749801504,6.812977752868463,4.615228932168823,,,,23.166440926003766,,32.29480173742469,2016-12,224424,,0.0,10043.0,173775.0,1286.0,13196.0,11298.0,105.0,12046.0,2675.0
2017_shugiin,2017,2017-10-22,shugiin_pr,24,三重県,13.79463325282929,,,16.609519734834997,6.485943799507251,4.718177099982619,,,,24.338758746762316,,34.05296736608353,2016-12,44913,,0.0,1246.0,37837.0,158.0,2597.0,1726.0,15.0,1021.0,313.0
2017_shugiin,2017,2017-10-22,shugiin_pr,25,滋賀県,8.801090963737925,,,17.26693120085947,8.443138471179948,11.387013950395044,,,,17.835754322128466,,36.266071091699146,2016-12,25838,,0.0,518.0,21245.0,70.0,1865.0,957.0,24.0,951.0,208.0
2017_shugiin,2017,2017-10-22,shugiin_pr,26,京都府,10.741487754984993,,,14.497199227636838,14.36060183149483,10.22281912554725,,,,18.436060183149483,,31.74183187718661,2016-12,55111,,0.0,2069.0,36815.0,108.0,2170.0,2949.0,196.0,10347.0,457.0
2017_shugiin,2017,2017-10-22,shugiin_pr,27,大阪府,16.07192846531002,,,6.056183260018329,9.19537993511419,27.151099376580472,,,,14.12053358299541,,27.404875379981576,2016-12,217656,,0.0,8469.0,159189.0,677.0,9164.0,15299.0,170.0,22885.0,1803.0
2017_shugiin,2017,2017-10-22,shugiin_pr,28,兵庫県,13.609510434216968,,,13.72494305370076,8.262097784438433,13.859361603828447,,,,17.708908446900306,,32.835178676915085,2016-12,101562,,0.0,4198.0,77730.0,313.0,4123.0,5170.0,80.0,9010.0,938.0
2017_shugiin,2017,2017-10-22,shugiin_pr,29,奈良県,12.438488335744925,,,13.778612793137118,7.796955917849098,13.277173895529264,,,,16.829140174085662,,35.87962888365393,2016-12,11421,,0.0,449.0,8443.0,30.0,762.0,587.0,40.0,990.0,120.0
2017_shugiin,2017,2017-10-22,shugiin_pr,30,和歌山県,16.856965508384487,,,14.643775313392581,9.120312786132006,11.367036165896513,,,,13.083174189436333,,34.92873603675808,2016-12,6233,,0.0,124.0,4733.0,11.0,554.0,317.0,7.0,405.0,82.0
2017_shugiin,2017,2017-10-22,shugiin_pr,31,鳥取県,16.254344238423453,,,20.799534025822737,6.4844189884477235,4.034948063294825,,,,15.987574021939619,,36.43918066207165,2016-12,4156,,0.0,163.0,3220.0,3.0,225.0,266.0,7.0,226.0,46.0
2017_shugiin,2017,2017-10-22,shugiin_pr,32,島根県,14.08354692697824,,,14.508310459120297,6.375997527767174,3.7695491204789344,,,,19.610623329879477,,41.65197263577588,2016-12,7120,,0.0,185.0,5598.0,6.0,744.0,239.0,18.0,282.0,48.0
2017_shugiin,2017,2017-10-22,shugiin_pr,33,岡山県,16.797358485670173,,,18.884362390855898,6.52088171568691,4.125095683537242,,,,17.075262399937724,,36.59703932431205,2016-12,24146,,0.0,891.0,16746.0,50.0,1200.0,1400.0,45.0,3559.0,255.0
2017_shugiin,2017,2017-10-22,shugiin_pr,34,広島県,14.236726930087972,,,17.21012355028752,6.467236718123938,6.76180244282607,,,,17.649814630537968,,37.67429572813653,2016-12,46047,,0.0,2028.0,35275.0,187.0,1722.0,2328.0,38.0,4149.0,320.0
2017_shugiin,2017,2017-10-22,shugiin_pr,35,山口県,15.387122312909165,,,11.40684168857885,5.994505791493515,3.1489954310314676,,,,15.120678636495152,,48.941856139491854,2016-12,14743,,0.0,379.0,11635.0,29.0,524.0,472.0,24.0,1567.0,113.0
2017_shugiin,2017,2017-10-22,shugiin_pr,36,徳島県,15.748600198444002,,,20.526332397210563,7.486878503886488,6.246428183255674,,,,15.205859357195697,,34.78590136000757,2016-12,5476,,0.0,255.0,4173.0,18.0,364.0,246.0,4.0,322.0,94.0
2017_shugiin,2017,2017-10-22,shugiin_pr,37,香川県,13.504775290494806,,,22.779380115075472,5.676666227447305,3.839265234811551,,,,12.90084866940935,,41.29906446276152,2016-12,10723,,0.0,259.0,8596.0,51.0,544.0,590.0,8.0,580.0,95.0
2017_shugiin,2017,2017-10-22,shugiin_pr,38,愛媛県,15.139513134753358,,,20.87462661567237,5.681723011641216,6.139031573657911,,,,14.513134753356969,,37.65197091091817,2016-12,11020,,0.0,394.0,8612.0,99.0,550.0,684.0,14.0,543.0,124.0
2017_shugiin,2017,2017-10-22,shugiin_pr,39,高知県,16.48297123501548,,,17.38832729101061,13.775172669295296,3.2301066447908124,,,,17.711834131625608,,31.411588028262194,2016-12,3997,,0.0,94.0,2634.0,20.0,289.0,200.0,12.0,679.0,69.0
2017_shugiin,2017,2017-10-22,shugiin_pr,40,福岡県,17.822202202408434,,,17.547907861824577,7.543000718278455,4.811341869640421,,,,18.179374826166313,,34.0961725216818,2016-12,64998,,0.0,4238.0,34640.0,281.0,2964.0,5285.0,119.0,16788.0,683.0
2017_shugiin,2017,2017-10-22,shugiin_pr,41,佐賀県,12.906884160459292,,,24.968832175671288,4.615195231060963,3.516463944851285,,,,14.889576850949702,,39.10304763700747,2016-12,5203,,0.0,219.0,3574.0,7.0,255.0,300.0,20.0,760.0,68.0
2017_shugiin,2017,2017-10-22,shugiin_pr,42,長崎県,16.52408141889087,,,22.912475330995765,5.642735337510299,3.498208503381809,,,,15.436409853550739,,35.98608955567052,2016-12,11735,,0.0,452.0,5780.0,270.0,531.0,962.0,13.0,1926.0,1801.0
2017_shugiin,2017,2017-10-22,shugiin_pr,43,熊本県,15.394902672926985,,,18.08854023281717,5.127382663228374,3.201930629677243,,,,18.02489310060035,,40.162350700749876,2016-12,11662,,0.0,518.0,8371.0,54.0,755.0,654.0,22.0,1119.0,169.0
2017_shugiin,2017,2017-10-22,shugiin_pr,44,大分県,15.794026003067374,,,18.08211028625314,5.870836946042475,3.1076682256693267,,,,19.961140962109276,,37.18421757685841,2016-12,11149,,0.0,418.0,5940.0,30.0,452.0,609.0,14.0,3601.0,85.0
2017_shugiin,2017,2017-10-22,shugiin_pr,45,宮崎県,17.47978997107304,,,21.257888651766006,6.160574334976945,3.174653950380894,,,,14.715048874224845,,37.212044217578274,2016-12,5100,,0.0,218.0,3567.0,4.0,330.0,273.0,12.0,621.0,75.0
2017_shugiin,2017,2017-10-22,shugiin_pr,46,鹿児島県,14.561745870324053,,,20.454882774922353,5.037517521919578,5.403485144160734,,,,15.954704120056071,,38.587664568617214,2016-12,7954,,0.0,262.0,5802.0,13.0,605.0,421.0,11.0,706.0,134.0
2017_shugiin,2017,2017-10-22,shugiin_pr,47,沖縄県,19.72845713953539,,,15.31107171143939,13.780418686101687,8.32267604508033,,,,17.25081927903445,,25.606557138808757,2016-12,14285,,0.0,897.0,6962.0,91.0,1640.0,1668.0,52.0,2796.0,179.0
2019_sangiin,2019,2019-07-21,sangiin_pr,01,北海道,11.7,,6.65,,,,,,,20.85,,32.3,2018-12,36899,0.1385768945939274,268.0,2071.0,22664.0,248.0,1631.0,3932.0,96.0,4543.0,1446.0
2019_sangiin,2019,2019-07-21,sangiin_pr,02,青森県,11.29,,7.24,,,,,,,21.97,,39.8,2018-12,5786,0.12985744971685217,55.0,214.0,4207.0,21.0,340.0,470.0,8.0,416.0,55.0
2019_sangiin,2019,2019-07-21,sangiin_pr,03,岩手県,8.22,,12.48,,,,,,,17.85,,35.5,2018-12,7187,0.08450279161007998,45.0,170.0,5672.0,14.0,392.0,462.0,4.0,382.0,46.0
2019_sangiin,2019,2019-07-21,sangiin_pr,04,宮城県,11.06,,9.02,,,,,,,17.81,,39.61,2018-12,21614,0.05925018377848566,125.0,1346.0,12034.0,107.0,1004.0,1665.0,57.0,5024.0,252.0
2019_sangiin,2019,2019-07-21,sangiin_pr,05,秋田県,10.63,,8.64,,,,,,,13.52,,44.47,2018-12,3975,0.04798312681254943,38.0,153.0,2843.0,12.0,206.0,289.0,4.0,370.0,60.0
2019_sangiin,2019,2019-07-21,sangiin_pr,06,山形県,9.87,,7.37,,,,,,,14.92,,45.25,2018-12,7367,0.09579056968615202,37.0,181.0,5742.0,66.0,399.0,519.0,7.0,335.0,81.0
2019_sangiin,2019,2019-07-21,sangiin_pr,07,福島県,12.75,,12.12,,,,,,,13.59,,38.17,2018-12,14191,0.09355012714803113,94.0,468.0,10181.0,80.0,1128.0,1187.0,10.0,868.0,175.0
2019_sangiin,2019,2019-07-21,sangiin_pr,08,茨城県,15.12,,7.15,,,,,,,15.2,,39.33,2018-12,66321,0.044573246601880584,173.0,4089.0,46782.0,384.0,3999.0,5041.0,141.0,4767.0,945.0
2019_sangiin,2019,2019-07-21,sangiin_pr,09,栃木県,12.81,,9.94,,,,,,,18.94,,40.31,2018-12,41648,0.04391417685983557,115.0,2243.0,29400.0,431.0,2437.0,3307.0,7.0,3325.0,383.0
2019_sangiin,2019,2019-07-21,sangiin_pr,10,群馬県,12.44,,9.76,,,,,,,16.36,,40.63,2018-12,58220,0.05591526561111414,150.0,2987.0,43740.0,116.0,3464.0,4264.0,7.0,2937.0,555.0
2019_sangiin,2019,2019-07-21,sangiin_pr,11,埼玉県,14.5,,5.21,,,,,,,20.79,,31.39,2018-12,180762,0.08082154922419206,355.0,17516.0,106347.0,663.0,10091.0,21416.0,103.0,21058.0,3213.0
2019_sangiin,2019,2019-07-21,sangiin_pr,12,千葉県,14.1,,4.23,,,,,,,20.01,,36.36,2018-12,156058,0.0665673396301207,287.0,13954.0,88868.0,938.0,10154.0,19516.0,86.0,19683.0,2572.0
2019_sangiin,2019,2019-07-21,sangiin_pr,13,東京都,11.54,,4.74,,,,,,,17.7,,32.59,2018-12,567789,0.05634769731089373,268.0,59911.0,243473.0,5901.0,27052.0,97861.0,799.0,118596.0,13928.0
2019_sangiin,2019,2019-07-21,sangiin_pr,14,神奈川県,11.33,,5.27,,,,,,,18.9,,34.86,2018-12,218946,0.07070865140571284,279.0,20262.0,130815.0,2823.0,13003.0,28885.0,242.0,18367.0,4270.0
2019_sangiin,2019,2019-07-21,sangiin_pr,15,新潟県,8.22,,6.14,,,,,,,20.2,,43.73,2018-12,17285,0.0899173970616054,85.0,874.0,10998.0,155.0,1166.0,1287.0,11.0,2495.0,214.0
2019_sangiin,2019,2019-07-21,sangiin_pr,16,富山県,9.18,,7.39,,,,,,,8.09,,44.61,2018-12,18556,0.09487845173471796,141.0,819.0,14037.0,103.0,990.0,1500.0,14.0,789.0,163.0
2019_sangiin,2019,2019-07-21,sangiin_pr,17,石川県,10.05,,6.83,,,,,,,12.12,,51.47,2018-12,15455,0.11371333861785689,148.0,775.0,10623.0,53.0,710.0,805.0,25.0,2154.0,162.0
2019_sangiin,2019,2019-07-21,sangiin_pr,18,福井県,10.51,,9.98,,,,,,,12.04,,45.2,2018-12,15114,0.09189423493714781,156.0,246.0,12667.0,33.0,819.0,522.0,10.0,598.0,63.0
2019_sangiin,2019,2019-07-21,sangiin_pr,19,山梨県,11.88,,9.55,,,,,,,16.74,,39.89,2018-12,16073,0.027948324379636735,41.0,948.0,10921.0,50.0,1189.0,1258.0,6.0,1100.0,560.0
2019_sangiin,2019,2019-07-21,sangiin_pr,20,長野県,10.51,,13.53,,,,,,,17.97,,31.95,2018-12,36526,0.06982602073692226,130.0,1030.0,27332.0,119.0,3483.0,1878.0,24.0,2045.0,485.0
2019_sangiin,2019,2019-07-21,sangiin_pr,21,岐阜県,11.79,,8.41,,,,,,,14.35,,40.41,2018-12,55205,0.08183581884810598,263.0,1296.0,45851.0,119.0,2895.0,2321.0,20.0,2034.0,406.0
2019_sangiin,2019,2019-07-21,sangiin_pr,22,静岡県,12.28,,12.84,,,,,,,14.62,,38.78,2018-12,92459,0.07512965417800414,214.0,2490.0,73677.0,605.0,5860.0,4955.0,29.0,3958.0,671.0
2019_sangiin,2019,2019-07-21,sangiin_pr,23,愛知県,13.07,,9.41,,,,,,,17.94,,34.05,2018-12,260952,0.07397377540353448,814.0,12854.0,194950.0,1376.0,14483.0,16891.0,114.0,16885.0,2585.0
2019_sangiin,2019,2019-07-21,sangiin_pr,24,三重県,13.55,,11.88,,,,,,,16.94,,34.62,2018-12,52087,0.05915246655008337,164.0,1645.0,42580.0,227.0,2789.0,2903.0,13.0,1472.0,294.0
2019_sangiin,2019,2019-07-21,sangiin_pr,25,滋賀県,9.24,,7.73,,,,,,,12.37,,37.24,2018-12,30155,0.10155251141552511,63.0,728.0,23721.0,100.0,1950.0,2094.0,50.0,1254.0,195.0
2019_sangiin,2019,2019-07-21,sangiin_pr,26,京都府,12.38,,4.16,,,,,,,14.63,,30.86,2018-12,61022,0.05869289890525512,87.0,2521.0,37914.0,196.0,2264.0,4513.0,215.0,12851.0,461.0
2019_sangiin,2019,2019-07-21,sangiin_pr,27,大阪府,15.71,,3.8,,,,,,,8.41,,20.64,2018-12,239113,0.04656547353309348,391.0,11107.0,163236.0,967.0,9083.0,22381.0,186.0,29846.0,1916.0
2019_sangiin,2019,2019-07-21,sangiin_pr,28,兵庫県,14.9,,4.08,,,,,,,13.42,,29.33,2018-12,110005,0.04158578962817078,335.0,4949.0,80778.0,372.0,4074.0,7190.0,94.0,11375.0,838.0
2019_sangiin,2019,2019-07-21,sangiin_pr,29,奈良県,14.28,,4.1,,,,,,,12.7,,34.19,2018-12,12681,0.0637530408522775,30.0,548.0,9058.0,39.0,779.0,954.0,28.0,1112.0,133.0
2019_sangiin,2019,2019-07-21,sangiin_pr,30,和歌山県,17.57,,4.77,,,,,,,8.31,,41.69,2018-12,6676,0.041985328546901825,23.0,162.0,4990.0,17.0,529.0,399.0,12.0,480.0,64.0
2019_sangiin,2019,2019-07-21,sangiin_pr,31,鳥取県,17.49,,5.79,,,,,,,15.51,,40.18,2018-12,4654,0.06134549600912201,34.0,161.0,3580.0,6.0,205.0,291.0,2.0,323.0,52.0
2019_sangiin,2019,2019-07-21,sangiin_pr,32,島根県,12.92,,6.51,,,,,,,13.72,,46.48,2018-12,9274,0.15333913692326825,59.0,205.0,7192.0,6.0,978.0,417.0,12.0,356.0,49.0
2019_sangiin,2019,2019-07-21,sangiin_pr,33,岡山県,17.0,,9.12,,,,,,,15.78,,37.59,2018-12,28158,0.08533765032377429,253.0,1020.0,19318.0,95.0,1183.0,1975.0,42.0,4052.0,220.0
2019_sangiin,2019,2019-07-21,sangiin_pr,34,広島県,14.5,,7.23,,,,,,,15.35,,40.66,2018-12,52134,0.06248471508926388,319.0,2260.0,38722.0,235.0,1690.0,3202.0,31.0,5312.0,363.0
2019_sangiin,2019,2019-07-21,sangiin_pr,35,山口県,15.81,,6.64,,,,,,,9.75,,50.24,2018-12,16591,0.06584864448156239,100.0,494.0,12734.0,32.0,543.0,698.0,19.0,1838.0,133.0
2019_sangiin,2019,2019-07-21,sangiin_pr,36,徳島県,16.46,,5.51,,,,,,,13.04,,38.25,2018-12,6073,0.07696400070934563,71.0,263.0,4614.0,5.0,320.0,305.0,4.0,406.0,85.0
2019_sangiin,2019,2019-07-21,sangiin_pr,37,香川県,13.41,,14.42,,,,,,,8.69,,43.28,2018-12,12597,0.08258851839119973,176.0,296.0,10004.0,32.0,603.0,698.0,10.0,678.0,100.0
2019_sangiin,2019,2019-07-21,sangiin_pr,38,愛媛県,15.4,,7.98,,,,,,,11.87,,41.65,2018-12,12038,0.024946785866326097,148.0,343.0,9384.0,82.0,564.0,749.0,8.0,655.0,105.0
2019_sangiin,2019,2019-07-21,sangiin_pr,39,高知県,15.29,,6.55,,,,,,,12.03,,36.09,2018-12,4580,0.057248384118190214,44.0,109.0,3123.0,14.0,287.0,245.0,10.0,702.0,46.0
2019_sangiin,2019,2019-07-21,sangiin_pr,40,福岡県,16.1,,9.09,,,,,,,13.77,,36.81,2018-12,77044,0.06947625591693388,177.0,5134.0,40170.0,296.0,3200.0,7261.0,125.0,19982.0,699.0
2019_sangiin,2019,2019-07-21,sangiin_pr,41,佐賀県,14.09,,13.16,,,,,,,9.99,,42.77,2018-12,6452,0.1211120764552563,52.0,280.0,4355.0,20.0,268.0,434.0,14.0,958.0,71.0
2019_sangiin,2019,2019-07-21,sangiin_pr,42,長崎県,14.62,,8.86,,,,,,,12.61,,42.87,2018-12,10369,0.01477784302211783,33.0,456.0,5917.0,143.0,521.0,985.0,15.0,2210.0,89.0
2019_sangiin,2019,2019-07-21,sangiin_pr,43,熊本県,14.44,,8.6,,,,,,,12.25,,45.09,2018-12,15576,0.1468119570019143,113.0,558.0,11423.0,46.0,743.0,1192.0,17.0,1305.0,179.0
2019_sangiin,2019,2019-07-21,sangiin_pr,44,大分県,12.19,,6.64,,,,,,,10.92,,37.45,2018-12,12951,0.07718539466023455,54.0,446.0,7236.0,22.0,467.0,854.0,3.0,3754.0,115.0
2019_sangiin,2019,2019-07-21,sangiin_pr,45,宮崎県,15.07,,6.74,,,,,,,14.95,,41.97,2018-12,6621,0.14490748746325435,53.0,255.0,4774.0,16.0,314.0,354.0,7.0,771.0,77.0
2019_sangiin,2019,2019-07-21,sangiin_pr,46,鹿児島県,14.51,,5.06,,,,,,,13.35,,43.54,2018-12,10547,0.1588836391605318,85.0,287.0,7888.0,16.0,601.0,578.0,11.0,967.0,114.0
2019_sangiin,2019,2019-07-21,sangiin_pr,47,沖縄県,14.51,,6.24,,,,,,,8.05,,25.9,2018-12,18025,0.13743926295197828,29.0,1267.0,9003.0,92.0,1691.0,2657.0,56.0,3017.0,213.0
2021_shugiin,2021,2021-10-31,shugiin_pr,01,北海道,12.597519412935284,,3.150598817544022,,8.866591646754092,9.215582446841353,,,,29.225040880666775,,36.94466679525847,2021-06,38451,-0.09495115923267035,1414.0,1973.0,22629.0,1556.0,1819.0,4372.0,34.0,3356.0,1298.0
2021_shugiin,2021,2021-10-31,shugiin_pr,02,青森県,11.875747104596194,,2.714089873166518,,8.46283805297027,4.7318738463306405,,,,25.61832585578782,,46.597125267148556,2021-06,6141,-0.03836517381772628,272.0,199.0,4376.0,104.0,329.0,537.0,2.0,280.0,42.0
2021_shugiin,2021,2021-10-31,shugiin_pr,03,岩手県,10.04323507451782,,5.661340685954109,,8.746740796487366,4.977103485733538,,,,31.8695857667261,,38.70199419058107,2021-06,7695,-0.05813953488372093,375.0,190.0,5684.0,158.0,406.0,518.0,4.0,306.0,54.0
2021_shugiin,2021,2021-10-31,shugiin_pr,04,宮城県,12.31218724518939,,4.220559503889113,,7.8050812899793005,10.788159551225414,,,,24.614349477397827,,40.25966293231895,2021-06,21993,-0.08309013591261569,523.0,1255.0,12533.0,392.0,960.0,1981.0,11.0,4085.0,253.0
2021_shugiin,2021,2021-10-31,shugiin_pr,05,秋田県,11.54376954466086,,5.492441403934069,,6.27241267901231,5.9790967975612235,,,,22.414431816691756,,48.29784775813978,2021-06,4200,-0.03536977491961415,205.0,156.0,2969.0,30.0,235.0,336.0,0.0,223.0,46.0
2021_shugiin,2021,2021-10-31,shugiin_pr,06,山形県,13.33482248105104,,7.450554391614577,,6.428236573133909,5.46409648990311,,,,22.468882994161394,,44.85340707013597,2021-06,7730,-0.04070488955075701,249.0,227.0,5871.0,70.0,401.0,571.0,3.0,257.0,81.0
2021_shugiin,2021,2021-10-31,shugiin_pr,07,福島県,12.120915715539098,,5.636934778051696,,7.785553588780754,5.740305398200976,,,,27.805931568720087,,40.91035895070739,2021-06,14712,-0.05443794588341153,492.0,507.0,10167.0,233.0,1148.0,1332.0,3.0,658.0,172.0
2021_shugiin,2021,2021-10-31,shugiin_pr,08,茨城県,14.999440090870536,,6.276785853243394,,6.044981671283904,10.517855893354495,,,,21.52769371489664,,40.63324277635104,2021-06,72279,0.016224956063268892,1580.0,4655.0,48651.0,2004.0,3945.0,7236.0,43.0,3209.0,956.0
2021_shugiin,2021,2021-10-31,shugiin_pr,09,栃木県,12.523803276130518,,4.542758215378656,,4.8312284232166895,11.02856377716848,,,,26.22458206886744,,40.84906423923822,2021-06,43521,-0.0048248422207994145,785.0,2547.0,29890.0,804.0,2394.0,4383.0,0.0,2329.0,389.0
2021_shugiin,2021,2021-10-31,shugiin_pr,10,群馬県,15.383277086200078,,3.7724092217116554,,7.826135960197537,9.99385059003534,,,,21.706746022336727,,41.31758111951866,2021-06,63174,0.02407236298205515,1104.0,3458.0,45628.0,1240.0,3395.0,5367.0,1.0,2443.0,538.0
2021_shugiin,2021,2021-10-31,shugiin_pr,11,埼玉県,14.27745140182705,,5.30205892164967,,9.094230451252997,10.955823322728548,,,,25.366950507764784,,35.00348539477695,2021-06,198548,0.012777808950077279,2386.0,19323.0,118207.0,2395.0,10273.0,28086.0,34.0,14499.0,3345.0
2021_shugiin,2021,2021-10-31,shugiin_pr,12,千葉県,13.285598404012571,,5.7080983033943395,,7.469751701543817,11.970349405380173,,,,23.608157124964293,,37.95804506070481,2021-06,168048,0.003199770762691628,1956.0,15703.0,96787.0,3361.0,10199.0,24680.0,25.0,12560.0,2777.0
2021_shugiin,2021,2021-10-31,shugiin_pr,13,東京都,12.242655419554428,,5.239294515890569,,11.470740979724809,14.691819641001864,,,,22.13040142626722,,34.22508801756112,2021-06,541807,-0.08703396028025571,1490.0,56089.0,259925.0,5540.0,26324.0,108405.0,246.0,70662.0,13126.0
2021_shugiin,2021,2021-10-31,shugiin_pr,14,神奈川県,11.752349628922591,,5.5843445369405025,,8.05466660624716,13.54556241615077,,,,24.037726188319265,,37.02535062341972,2021-06,230301,-0.020966446034357423,1668.0,20557.0,140944.0,3122.0,12645.0,34369.0,37.0,12623.0,4336.0
2021_shugiin,2021,2021-10-31,shugiin_pr,15,新潟県,9.301048911751126,,4.27798326164497,,6.5786953517142965,6.922503011569887,,,,25.887737856707403,,47.03203160661232,2021-06,17571,-0.06839510100206776,519.0,775.0,11176.0,325.0,1146.0,1621.0,7.0,1796.0,206.0
2021_shugiin,2021,2021-10-31,shugiin_pr,16,富山県,8.943870170805837,,3.7329965968767786,,5.355911772898417,19.642399139859812,,,,13.583974666719833,,48.74084765283932,2021-06,18920,-0.04685138539042821,646.0,838.0,14099.0,358.0,861.0,1490.0,3.0,458.0,167.0
2021_shugiin,2021,2021-10-31,shugiin_pr,17,石川県,9.294989778447597,,3.770589081391268,,4.762604068741024,15.417493082264572,,,,19.61584051737981,,47.13848347177572,2021-06,15272,-0.09531425863396718,562.0,649.0,10441.0,319.0,680.0,1045.0,10.0,1410.0,156.0
2021_shugiin,2021,2021-10-31,shugiin_pr,18,福井県,10.069766092288033,,3.828002166178721,,5.590702930514982,9.680308034020655,,,,22.149258985273885,,48.68196179172372,2021-06,16306,0.030525184857485937,657.0,234.0,13245.0,231.0,873.0,621.0,3.0,378.0,64.0
2021_shugiin,2021,2021-10-31,shugiin_pr,19,山梨県,12.548689054831803,,4.867771358315863,,6.927119499281793,6.401913579504049,,,,26.663772239957982,,42.59073426810851,2021-06,17185,0.00034926363583444905,181.0,1008.0,11440.0,222.0,1234.0,1615.0,0.0,923.0,562.0
2021_shugiin,2021,2021-10-31,shugiin_pr,20,長野県,11.012333877938724,,4.226150153735586,,9.473670383022172,9.765596210388496,,,,28.10358719523259,,37.418662179682435,2021-06,36656,-0.04655880975914269,680.0,1048.0,27266.0,651.0,3200.0,2339.0,16.0,1059.0,397.0
2021_shugiin,2021,2021-10-31,shugiin_pr,21,岐阜県,12.380421927471378,,5.299034832485291,,6.656070787620772,10.70529192547106,,,,21.965814945598318,,42.993365581353174,2021-06,58412,-0.029797694581935354,1658.0,1599.0,46582.0,842.0,2726.0,3288.0,5.0,1311.0,401.0
2021_shugiin,2021,2021-10-31,shugiin_pr,22,静岡県,12.064567928215007,,7.488297367144941,,5.94803153555892,10.37231549627144,,,,22.278576942387904,,41.84821073042178,2021-06,99143,-0.010035147980988137,1542.0,2871.0,77109.0,1047.0,5707.0,6641.0,8.0,3493.0,725.0
2021_shugiin,2021,2021-10-31,shugiin_pr,23,愛知県,12.218988226611781,,6.12114127822647,,6.948787304872324,11.846297455177773,,,,24.124543899989742,,38.7402418351219,2021-06,269685,-0.04078917884568189,4150.0,14033.0,200574.0,3366.0,14154.0,20953.0,41.0,9819.0,2595.0
2021_shugiin,2021,2021-10-31,shugiin_pr,24,三重県,14.78541026351049,,4.15435944044508,,5.704909349518058,9.740555628096208,,,,26.73076271920751,,38.884002599222654,2021-06,55331,-0.02224774695175826,1205.0,1987.0,43233.0,909.0,2628.0,3985.0,2.0,1089.0,293.0
2021_shugiin,2021,2021-10-31,shugiin_pr,25,滋賀県,9.300894584914564,,5.443359711851727,,7.799931554891431,22.83278630518943,,,,16.930077162804036,,37.69295068034882,2021-06,33860,-0.0020336585222081407,467.0,1161.0,24751.0,410.0,1878.0,3619.0,7.0,1349.0,218.0
2021_shugiin,2021,2021-10-31,shugiin_pr,26,京都府,10.424533614298854,,5.4683862334254165,,14.027079186213584,24.475287195763432,,,,14.588227871174567,,31.01648589912414,2021-06,59825,-0.0792187403804716,523.0,2614.0,37865.0,713.0,2240.0,5539.0,83.0,9749.0,499.0
2021_shugiin,2021,2021-10-31,shugiin_pr,27,大阪府,14.058962968313734,,2.3228229744137354,,7.989704768466903,44.69551162582495,,,,9.47005492880416,,21.462942734176522,2021-06,250071,-0.022755515955825457,2286.0,13545.0,166882.0,2791.0,9117.0,29582.0,78.0,23772.0,2018.0
2021_shugiin,2021,2021-10-31,shugiin_pr,28,兵庫県,12.993497157755407,,3.203554623683158,,6.588607079190864,34.00574209077119,,,,14.163259581907345,,29.045339466692045,2021-06,113772,-0.01650227781571736,1642.0,5619.0,81476.0,1647.0,4157.0,9482.0,31.0,8878.0,840.0
2021_shugiin,2021,2021-10-31,shugiin_pr,29,奈良県,12.423393997323368,,3.6615885284827696,,7.395057903822837,29.57910237715678,,,,14.688848151533564,,32.252009041680694,2021-06,14075,0.00888825173822665,408.0,596.0,9670.0,210.0,792.0,1331.0,10.0,920.0,138.0
2021_shugiin,2021,2021-10-31,shugiin_pr,30,和歌山県,16.613858040949328,,5.996583447660925,,7.599007051895319,22.555882686875815,,,,11.702041703339518,,35.532627069279094,2021-06,7322,0.021341888687404102,126.0,182.0,5298.0,113.0,515.0,697.0,1.0,317.0,73.0
2021_shugiin,2021,2021-10-31,shugiin_pr,31,鳥取県,17.56494783607349,,3.4065926952408523,,6.432646760652867,8.376672308230704,,,,25.293088586223057,,38.926051813579036,2021-06,4772,-0.053550178500595,172.0,174.0,3530.0,112.0,212.0,310.0,0.0,215.0,47.0
2021_shugiin,2021,2021-10-31,shugiin_pr,32,島根県,13.526098718346713,,3.704148435909017,,6.131519317986779,7.874434683345176,,,,23.464131592577374,,45.299667251834954,2021-06,9676,0.035752515521301646,270.0,178.0,7406.0,148.0,943.0,403.0,4.0,272.0,52.0
2021_shugiin,2021,2021-10-31,shugiin_pr,33,岡山県,16.87782580810029,,5.007120763721238,,6.708020905201027,10.3420525461348,,,,20.955575657840352,,40.10940431900229,2021-06,30823,-0.023630777028097183,1194.0,1106.0,20668.0,649.0,1177.0,2608.0,25.0,3177.0,219.0
2021_shugiin,2021,2021-10-31,shugiin_pr,34,広島県,13.121227722069534,,3.7373235310320414,,5.257881122255652,11.06930829906458,,,,18.061259527976425,,48.752999797601774,2021-06,53604,-0.057893071812717495,1749.0,2196.0,39104.0,1197.0,1698.0,3559.0,8.0,3718.0,375.0
2021_shugiin,2021,2021-10-31,shugiin_pr,35,山口県,15.262681427049921,,2.9210286020986826,,5.7250899164731255,7.8877224195560105,,,,15.551509342244973,,52.65196829257729,2021-06,16777,-0.0623183545718757,425.0,562.0,12753.0,265.0,520.0,985.0,8.0,1121.0,138.0
2021_shugiin,2021,2021-10-31,shugiin_pr,36,徳島県,15.422542940976012,,4.158644183983468,,7.3438149325147295,18.206707306451644,,,,16.65546860032884,,38.2128220357453,2021-06,6548,-0.006674757281553398,374.0,274.0,4460.0,192.0,296.0,389.0,1.0,478.0,84.0
2021_shugiin,2021,2021-10-31,shugiin_pr,37,香川県,12.377743933360138,,17.40711088047533,,4.789277291308247,9.273675790375115,,,,13.897044456408421,,42.255147648072736,2021-06,13832,-0.03042198233562316,733.0,335.0,9932.0,575.0,608.0,877.0,4.0,642.0,126.0
2021_shugiin,2021,2021-10-31,shugiin_pr,38,愛媛県,15.20679344618768,,4.74761500118334,,5.597556918029497,10.643112656821966,,,,19.88028926183062,,43.924632715946885,2021-06,12931,-0.04497784342688331,689.0,261.0,9616.0,486.0,565.0,862.0,7.0,341.0,104.0
2021_shugiin,2021,2021-10-31,shugiin_pr,39,高知県,15.912644818901416,,3.2192990653240874,,11.07170599855032,6.478638778225221,,,,23.014306922238983,,40.30340441675997,2021-06,4725,-0.048721562311254275,310.0,100.0,3127.0,188.0,276.0,278.0,2.0,369.0,75.0
2021_shugiin,2021,2021-10-31,shugiin_pr,40,福岡県,18.927710598747474,,4.777927408059163,,7.11229049813871,12.09390727042438,,,,21.11038079591407,,35.9777834287162,2021-06,79206,-0.051061484640820436,1349.0,5237.0,44013.0,1488.0,3509.0,8231.0,58.0,14595.0,726.0
2021_shugiin,2021,2021-10-31,shugiin_pr,41,佐賀県,13.703549475703017,,3.692831921260569,,4.089666560075135,6.582971017909331,,,,27.635977995534986,,44.29500302951696,2021-06,6909,-0.062169132618433556,327.0,300.0,4562.0,232.0,297.0,515.0,9.0,600.0,67.0
2021_shugiin,2021,2021-10-31,shugiin_pr,42,長崎県,16.85928826107993,,9.367985122042272,,5.188117431003974,7.681518992582313,,,,21.12345274232191,,39.77963745096961,2021-06,9431,-0.14224647567075943,296.0,365.0,5703.0,390.0,517.0,788.0,7.0,1285.0,80.0
2021_shugiin,2021,2021-10-31,shugiin_pr,43,熊本県,18.5155142811517,,4.200988263406032,,4.654800809409383,7.778311087528013,,,,20.69801585826551,,44.15236970023936,2021-06,17557,-0.021458031434622674,942.0,519.0,12213.0,676.0,765.0,1345.0,12.0,936.0,149.0
2021_shugiin,2021,2021-10-31,shugiin_pr,44,大分県,15.712575937815066,,4.229021653420538,,5.940102113784311,8.428806268503603,,,,25.028743052245055,,40.66075097423143,2021-06,12665,-0.10056103969888502,360.0,518.0,7539.0,274.0,505.0,993.0,3.0,2334.0,139.0
2021_shugiin,2021,2021-10-31,shugiin_pr,45,宮崎県,17.661897124413308,,5.718447260006269,,5.734576635003641,9.879273859089624,,,,18.71759271709919,,42.28821240438797,2021-06,7566,-0.03617834394904459,379.0,255.0,5366.0,207.0,340.0,500.0,1.0,446.0,72.0
2021_shugiin,2021,2021-10-31,shugiin_pr,46,鹿児島県,15.53819495465832,,3.4191760456050475,,4.976808557698775,8.434266385768934,,,,22.57357169997206,,45.05798235629687,2021-06,12445,0.01882930822758903,634.0,309.0,8895.0,344.0,632.0,832.0,6.0,658.0,135.0
2021_shugiin,2021,2021-10-31,shugiin_pr,47,沖縄県,24.94264258558338,,3.766565594317215,,11.588473465558218,7.178376441400795,,,,24.10385180293854,,28.42009011020185,2021-06,19205,-0.09495758718190386,278.0,1452.0,10393.0,322.0,1885.0,2785.0,18.0,1837.0,235.0
2022_sangiin,2022,2022-07-10,sangiin_pr,01,北海道,11.77,,,,,7.42,,,,21.53,,34.83,2022-06,41048,0.06754050609867103,1754.0,2162.0,21056.0,3897.0,1964.0,4543.0,60.0,4108.0,1504.0
2022_sangiin,2022,2022-07-10,sangiin_pr,02,青森県,10.4,,,,,5.42,,,,18.75,,42.12,2022-06,6306,0.0268685881778212,365.0,201.0,3979.0,461.0,348.0,576.0,6.0,317.0,53.0
2022_sangiin,2022,2022-07-10,sangiin_pr,03,岩手県,8.05,,,,,5.75,,,,21.47,,37.6,2022-06,8003,0.040025990903183886,512.0,220.0,5103.0,624.0,435.0,587.0,3.0,443.0,76.0
2022_sangiin,2022,2022-07-10,sangiin_pr,04,宮城県,10.88,,,,,10.24,,,,19.14,,34.58,2022-06,23249,0.057109080161869684,641.0,1418.0,11964.0,1078.0,982.0,2199.0,19.0,4691.0,257.0
2022_sangiin,2022,2022-07-10,sangiin_pr,05,秋田県,10.51,,,,,11.04,,,,11.77,,45.33,2022-06,4405,0.04880952380952381,284.0,178.0,2729.0,137.0,252.0,443.0,0.0,329.0,53.0
2022_sangiin,2022,2022-07-10,sangiin_pr,06,山形県,9.02,,,,,8.39,,,,10.5,,45.3,2022-06,7929,0.02574385510996119,418.0,250.0,5395.0,257.0,421.0,810.0,3.0,299.0,76.0
2022_sangiin,2022,2022-07-10,sangiin_pr,07,福島県,10.27,,,,,7.88,,,,13.89,,42.16,2022-06,15273,0.038132137030995106,751.0,651.0,9345.0,673.0,1195.0,1513.0,2.0,975.0,168.0
2022_sangiin,2022,2022-07-10,sangiin_pr,08,茨城県,13.23,,,,,13.23,,,,10.71,,38.71,2022-06,77826,0.07674428257170132,2454.0,5504.0,47816.0,5336.0,4070.0,8185.0,71.0,3457.0,933.0
2022_sangiin,2022,2022-07-10,sangiin_pr,09,栃木県,11.51,,,,,12.78,,,,12.71,,39.59,2022-06,44825,0.0299625468164794,1265.0,2929.0,28988.0,1909.0,2479.0,4941.0,0.0,1931.0,383.0
2022_sangiin,2022,2022-07-10,sangiin_pr,10,群馬県,12.56,,,,,10.0,,,,12.24,,39.36,2022-06,64869,0.02683065818216355,1610.0,4054.0,44186.0,3204.0,3395.0,6142.0,3.0,1739.0,536.0
2022_sangiin,2022,2022-07-10,sangiin_pr,11,埼玉県,12.47,,,,,12.78,,,,13.66,,32.18,2022-06,205824,0.036646050325362126,3970.0,20819.0,118074.0,5751.0,10622.0,29939.0,50.0,13421.0,3178.0
2022_sangiin,2022,2022-07-10,sangiin_pr,12,千葉県,11.87,,,,,12.84,,,,13.33,,35.69,2022-06,176790,0.052020851185375604,3068.0,17628.0,98734.0,6491.0,10391.0,26003.0,27.0,11686.0,2762.0
2022_sangiin,2022,2022-07-10,sangiin_pr,13,東京都,9.98,,,,,13.85,,,,12.61,,31.07,2022-06,566525,0.04562141131436102,2449.0,57235.0,268879.0,7913.0,26810.0,111130.0,417.0,79349.0,12343.0
2022_sangiin,2022,2022-07-10,sangiin_pr,14,神奈川県,10.49,,,,,15.77,,,,13.19,,33.06,2022-06,237450,0.031041984185913217,2767.0,21766.0,141181.0,6069.0,13020.0,35555.0,99.0,12936.0,4057.0
2022_sangiin,2022,2022-07-10,sangiin_pr,15,新潟県,7.55,,,,,6.31,,,,22.05,,42.77,2022-06,17901,0.0187809458767287,799.0,869.0,10426.0,816.0,1165.0,1805.0,5.0,1856.0,160.0
2022_sangiin,2022,2022-07-10,sangiin_pr,16,富山県,8.34,,,,,17.32,,,,8.07,,43.32,2022-06,19733,0.04297040169133192,1200.0,956.0,13274.0,944.0,922.0,1740.0,11.0,510.0,176.0
2022_sangiin,2022,2022-07-10,sangiin_pr,17,石川県,8.54,,,,,11.36,,,,11.61,,46.02,2022-06,16254,0.0643006809848088,950.0,734.0,9672.0,926.0,696.0,1324.0,17.0,1764.0,171.0
2022_sangiin,2022,2022-07-10,sangiin_pr,18,福井県,8.91,,,,,12.83,,,,9.66,,45.33,2022-06,16902,0.03655096283576598,1067.0,283.0,12511.0,566.0,1047.0,843.0,2.0,520.0,63.0
2022_sangiin,2022,2022-07-10,sangiin_pr,19,山梨県,10.81,,,,,13.53,,,,15.15,,38.96,2022-06,18765,0.09194064591213268,405.0,1132.0,11488.0,735.0,1232.0,1808.0,5.0,1384.0,576.0
2022_sangiin,2022,2022-07-10,sangiin_pr,20,長野県,9.63,,,,,11.65,,,,20.32,,34.13,2022-06,38384,0.04714098646879092,1101.0,1192.0,26561.0,2194.0,3247.0,2695.0,11.0,1030.0,353.0
2022_sangiin,2022,2022-07-10,sangiin_pr,21,岐阜県,11.24,,,,,10.48,,,,12.11,,38.68,2022-06,61022,0.04468259946586318,2311.0,1931.0,45348.0,2409.0,2727.0,3909.0,13.0,1934.0,440.0
2022_sangiin,2022,2022-07-10,sangiin_pr,22,静岡県,11.35,,,,,11.47,,,,10.2,,40.05,2022-06,102831,0.0371987936616806,2528.0,3451.0,75691.0,3077.0,5728.0,7665.0,11.0,3971.0,709.0
2022_sangiin,2022,2022-07-10,sangiin_pr,23,愛知県,11.18,,,,,12.55,,,,12.58,,32.67,2022-06,280912,0.04163004987299998,6841.0,15749.0,197381.0,8916.0,13894.0,22516.0,75.0,12946.0,2594.0
2022_sangiin,2022,2022-07-10,sangiin_pr,24,三重県,12.49,,,,,10.0,,,,17.75,,36.07,2022-06,57748,0.0436825649274367,1956.0,2403.0,41668.0,2486.0,2666.0,4752.0,3.0,1506.0,308.0
2022_sangiin,2022,2022-07-10,sangiin_pr,25,滋賀県,8.31,,,,,21.83,,,,9.18,,34.64,2022-06,35826,0.05806261075014767,696.0,1592.0,24432.0,1279.0,1868.0,4175.0,19.0,1494.0,271.0
2022_sangiin,2022,2022-07-10,sangiin_pr,26,京都府,10.07,,,,,23.44,,,,12.45,,25.46,2022-06,63674,0.06433765148349352,792.0,2950.0,36697.0,1964.0,2357.0,5712.0,170.0,12514.0,518.0
2022_sangiin,2022,2022-07-10,sangiin_pr,27,大阪府,13.2,,,,,38.76,,,,6.64,,19.74,2022-06,262681,0.050425679107133574,3456.0,15917.0,165827.0,6723.0,9015.0,30885.0,123.0,28675.0,2060.0
2022_sangiin,2022,2022-07-10,sangiin_pr,28,兵庫県,12.51,,,,,27.7,,,,9.44,,27.66,2022-06,119509,0.0504254122279647,2344.0,6464.0,79859.0,4108.0,4278.0,10360.0,37.0,11160.0,899.0
2022_sangiin,2022,2022-07-10,sangiin_pr,29,奈良県,11.72,,,,,26.37,,,,8.64,,31.78,2022-06,15026,0.06756660746003552,548.0,750.0,9265.0,636.0,812.0,1479.0,8.0,1381.0,147.0
2022_sangiin,2022,2022-07-10,sangiin_pr,30,和歌山県,15.84,,,,,18.25,,,,6.72,,36.06,2022-06,7619,0.04056268779022125,186.0,220.0,5170.0,377.0,510.0,729.0,2.0,352.0,73.0
2022_sangiin,2022,2022-07-10,sangiin_pr,31,鳥取県,15.76,,,,,9.42,,,,14.09,,38.11,2022-06,4961,0.039606035205364626,272.0,169.0,3222.0,244.0,234.0,388.0,2.0,382.0,48.0
2022_sangiin,2022,2022-07-10,sangiin_pr,32,島根県,12.57,,,,,8.21,,,,14.37,,42.33,2022-06,10107,0.04454319966928483,309.0,215.0,7339.0,325.0,1030.0,442.0,9.0,399.0,39.0
2022_sangiin,2022,2022-07-10,sangiin_pr,33,岡山県,15.67,,,,,10.7,,,,10.19,,39.08,2022-06,31502,0.02202900431495961,1631.0,1368.0,18677.0,1795.0,1209.0,3074.0,24.0,3499.0,225.0
2022_sangiin,2022,2022-07-10,sangiin_pr,34,広島県,13.38,,,,,10.77,,,,11.34,,41.97,2022-06,54784,0.02201328259085143,2236.0,2414.0,36361.0,3632.0,1689.0,3713.0,10.0,4347.0,382.0
2022_sangiin,2022,2022-07-10,sangiin_pr,35,山口県,14.14,,,,,8.47,,,,7.82,,48.88,2022-06,16734,-0.002563032723371282,565.0,630.0,11626.0,790.0,542.0,1085.0,11.0,1341.0,144.0
2022_sangiin,2022,2022-07-10,sangiin_pr,36,徳島県,13.58,,,,,16.78,,,,6.91,,36.91,2022-06,6641,0.014202810018326207,396.0,307.0,4145.0,387.0,295.0,473.0,3.0,544.0,91.0
2022_sangiin,2022,2022-07-10,sangiin_pr,37,香川県,11.67,,,,,9.53,,,,9.25,,39.16,2022-06,14234,0.029063042220936957,966.0,409.0,8963.0,1538.0,617.0,882.0,7.0,733.0,119.0
2022_sangiin,2022,2022-07-10,sangiin_pr,38,愛媛県,13.96,,,,,9.98,,,,10.08,,42.17,2022-06,13064,0.01028536076096203,947.0,296.0,8415.0,1353.0,555.0,992.0,7.0,391.0,108.0
2022_sangiin,2022,2022-07-10,sangiin_pr,39,高知県,13.51,,,,,9.78,,,,7.73,,37.02,2022-06,5038,0.06624338624338624,366.0,127.0,2928.0,450.0,269.0,349.0,4.0,459.0,86.0
2022_sangiin,2022,2022-07-10,sangiin_pr,40,福岡県,14.48,,,,,11.19,,,,13.85,,33.45,2022-06,85065,0.07397166881296871,2028.0,5806.0,42862.0,3706.0,3733.0,8908.0,69.0,17188.0,765.0
2022_sangiin,2022,2022-07-10,sangiin_pr,41,佐賀県,11.72,,,,,7.16,,,,14.77,,44.68,2022-06,7333,0.06136922854248082,430.0,340.0,4092.0,682.0,306.0,600.0,3.0,800.0,80.0
2022_sangiin,2022,2022-07-10,sangiin_pr,42,長崎県,13.73,,,,,10.82,,,,12.8,,41.46,2022-06,10397,0.1024281624430071,328.0,429.0,5291.0,913.0,558.0,912.0,8.0,1880.0,78.0
2022_sangiin,2022,2022-07-10,sangiin_pr,43,熊本県,14.39,,,,,11.1,,,,9.54,,43.87,2022-06,18807,0.07119667369140514,1308.0,616.0,11068.0,1943.0,861.0,1748.0,13.0,1093.0,157.0
2022_sangiin,2022,2022-07-10,sangiin_pr,44,大分県,12.93,,,,,8.61,,,,14.34,,35.89,2022-06,14307,0.1296486379786814,594.0,580.0,7570.0,747.0,561.0,1135.0,1.0,2978.0,141.0
2022_sangiin,2022,2022-07-10,sangiin_pr,45,宮崎県,14.81,,,,,7.46,,,,14.47,,39.44,2022-06,8007,0.05828707375099128,598.0,319.0,4802.0,627.0,365.0,559.0,2.0,662.0,73.0
2022_sangiin,2022,2022-07-10,sangiin_pr,46,鹿児島県,12.16,,,,,8.88,,,,13.81,,42.91,2022-06,13064,0.04973885094415428,757.0,339.0,8126.0,1219.0,677.0,1032.0,14.0,782.0,118.0
2022_sangiin,2022,2022-07-10,sangiin_pr,47,沖縄県,14.77,,,,,7.4,,,,10.51,,27.13,2022-06,20437,0.06414996094766988,299.0,1619.0,10147.0,775.0,1945.0,2876.0,58.0,2490.0,228.0
2024_shugiin,2024,2024-10-27,shugiin_pr,01,北海道,12.369667356616684,,9.389347747172721,,8.290534401786331,4.733835136784033,,,,33.913218697977534,,31.303396659662692,2024-06,60273,0.22625732421875,1168.0,3152.0,27777.0,11427.0,2151.0,6865.0,93.0,5250.0,2390.0
2024_shugiin,2024,2024-10-27,shugiin_pr,02,青森県,10.135757979867805,,11.791990291431958,,7.473746775413449,4.158640912420684,,,,27.993206940968463,,38.446657099897635,2024-06,8045,0.12297599106644333,268.0,251.0,4800.0,1193.0,375.0,640.0,8.0,430.0,80.0
2024_shugiin,2024,2024-10-27,shugiin_pr,03,岩手県,9.211292966975797,,9.649124159922435,,7.233658518071269,4.770956217189168,,,,37.66833635724878,,31.466631780592547,2024-06,10644,0.1681299385425812,296.0,320.0,6213.0,1786.0,456.0,868.0,6.0,591.0,108.0
2024_shugiin,2024,2024-10-27,shugiin_pr,04,宮城県,12.209580545439113,,12.167716077374893,,6.610545337904587,7.160284231327904,,,,29.40819932446476,,32.443674483488735,2024-06,28330,0.12331482950039652,424.0,1772.0,13792.0,2668.0,965.0,2531.0,51.0,5859.0,268.0
2024_shugiin,2024,2024-10-27,shugiin_pr,05,秋田県,10.804206882444358,,15.282121387960924,,4.924884983583495,4.854353069217389,,,,23.984438275379656,,40.149995401414174,2024-06,5571,0.1277327935222672,259.0,226.0,3383.0,429.0,251.0,450.0,0.0,506.0,67.0
2024_shugiin,2024,2024-10-27,shugiin_pr,06,山形県,11.921184951787083,,14.130495908737087,,5.576796705525011,3.759420779699009,,,,25.33778877278711,,39.274312881464695,2024-06,10058,0.148698035632709,376.0,363.0,6190.0,1244.0,417.0,998.0,12.0,370.0,88.0
2024_shugiin,2024,2024-10-27,shugiin_pr,07,福島県,10.872878469313989,,9.70020186124827,,7.717431905911182,3.8120679984945935,,,,32.46031068846938,,35.43710907656259,2024-06,18936,0.12788135088450772,512.0,916.0,10911.0,1938.0,1245.0,1998.0,6.0,1229.0,181.0
2024_shugiin,2024,2024-10-27,shugiin_pr,08,茨城県,13.590995935251748,,13.974754426352817,,5.871511311445978,7.451299531800334,,,,22.03315998323094,,37.07827881191819,2024-06,97038,0.1302150061729833,1853.0,7950.0,51045.0,13518.0,4209.0,11648.0,97.0,5643.0,1075.0
2024_shugiin,2024,2024-10-27,shugiin_pr,09,栃木県,13.430680878652398,,11.491299458531772,,4.752894909773745,7.208292614217787,,,,28.01438266208895,,35.102449476735345,2024-06,54493,0.1251909973157134,1187.0,4296.0,30664.0,5306.0,2567.0,7023.0,13.0,3027.0,410.0
2024_shugiin,2024,2024-10-27,shugiin_pr,10,群馬県,14.380091045619226,,10.434093222930555,,7.581977127983384,6.617436227307508,,,,24.900280430924134,,36.08612194523519,2024-06,79470,0.13016766926916679,1087.0,5739.0,48089.0,8526.0,3633.0,8320.0,6.0,3482.0,588.0
2024_shugiin,2024,2024-10-27,shugiin_pr,11,埼玉県,13.28167235832643,,15.02588477413869,,8.080022560569317,8.440741589375293,,,,26.787963881509093,,28.383714836081175,2024-06,249327,0.12392994793427548,3535.0,26667.0,130457.0,16752.0,11257.0,37583.0,83.0,19703.0,3290.0
2024_shugiin,2024,2024-10-27,shugiin_pr,12,千葉県,11.97404389024783,,14.707185239400417,,6.677090658295784,7.62957437621916,,,,29.389667249278084,,29.622438586558715,2024-06,219131,0.13868002473459673,2612.0,24214.0,106705.0,17276.0,10849.0,34880.0,90.0,19481.0,3024.0
2024_shugiin,2024,2024-10-27,shugiin_pr,13,東京都,10.752791793212884,,17.736399210514328,,9.352843363526611,9.69135902045166,,,,24.352979792183582,,28.113626820110944,2024-06,701955,0.11921879260120252,2391.0,72106.0,297810.0,20873.0,28491.0,144020.0,804.0,122120.0,13340.0
2024_shugiin,2024,2024-10-27,shugiin_pr,14,神奈川県,11.745834157683486,,15.244662252917276,,7.454582300278739,9.828476004266129,,,,26.5457446391125,,29.180700645741876,2024-06,280020,0.09068388785454431,2474.0,27427.0,152820.0,16609.0,13979.0,44461.0,136.0,17831.0,4283.0
2024_shugiin,2024,2024-10-27,shugiin_pr,15,新潟県,7.846150483162625,,11.2633575564761,,5.56645334723139,6.393251767747955,,,,30.921524745832883,,38.009262099549055,2024-06,22139,0.12323693556570268,672.0,1049.0,11965.0,2237.0,1164.0,2385.0,14.0,2434.0,219.0
2024_shugiin,2024,2024-10-27,shugiin_pr,16,富山県,8.028620552992518,,14.348655968454963,,4.836979413619546,8.559810474637102,,,,19.858570483290595,,44.36736310700528,2024-06,23382,0.11565989121099342,871.0,1343.0,14770.0,2485.0,857.0,2290.0,6.0,555.0,205.0
2024_shugiin,2024,2024-10-27,shugiin_pr,17,石川県,8.509282243877319,,12.782796929065945,,4.422047364541754,8.877117330364118,,,,25.28537828172907,,40.12337785042179,2024-06,20234,0.10556223363566823,673.0,937.0,10930.0,2765.0,765.0,1570.0,20.0,2394.0,180.0
2024_shugiin,2024,2024-10-27,shugiin_pr,18,福井県,9.40044067333308,,11.446883244904042,,4.629496123444602,9.941035728316923,,,,25.75539112618358,,38.82675310381777,2024-06,18937,0.12760509705847325,841.0,440.0,13150.0,1552.0,970.0,1078.0,4.0,817.0,85.0
2024_shugiin,2024,2024-10-27,shugiin_pr,19,山梨県,13.094691531395753,,10.314725762286049,,6.954671312631161,4.772116980153744,,,,28.652743630204867,,36.21105078332843,2024-06,22547,0.09531212047607482,271.0,1443.0,12319.0,1999.0,1210.0,2542.0,13.0,2057.0,693.0
2024_shugiin,2024,2024-10-27,shugiin_pr,20,長野県,10.784169606274041,,10.891157663251766,,9.46694965942785,8.124979517393614,,,,32.332501197800255,,28.400242355852473,2024-06,44834,0.07929706307173809,636.0,1637.0,27779.0,5598.0,3338.0,3668.0,28.0,1759.0,391.0
2024_shugiin,2024,2024-10-27,shugiin_pr,21,岐阜県,11.941377348704416,,13.105894184329642,,6.0599916501512014,7.559843010385412,,,,25.412673677376564,,35.920220129052765,2024-06,71617,0.09380679648720885,2452.0,2835.0,49040.0,6379.0,2855.0,5246.0,17.0,2312.0,481.0
2024_shugiin,2024,2024-10-27,shugiin_pr,22,静岡県,12.920333149078111,,13.398383005292041,,5.440186161258134,6.6145967749471195,,,,27.84686536253241,,33.77963554689218,2024-06,120314,0.09025499755332837,1798.0,5213.0,82618.0,8452.0,5730.0,10396.0,13.0,5315.0,779.0
2024_shugiin,2024,2024-10-27,shugiin_pr,23,愛知県,11.341287686134834,,18.50844593243848,,6.6463451425588875,8.521662135885256,,,,25.804766775974393,,29.177492327008153,2024-06,321041,0.08004427279577996,5263.0,21006.0,209630.0,22557.0,14009.0,29989.0,105.0,15345.0,3137.0
2024_shugiin,2024,2024-10-27,shugiin_pr,24,三重県,14.096017116383939,,11.589053895400363,,5.391797602170574,7.628010056461678,,,,31.048893647694292,,30.246227681889152,2024-06,66509,0.08660632597046138,1379.0,3520.0,44686.0,6276.0,2617.0,6145.0,10.0,1484.0,392.0
2024_shugiin,2024,2024-10-27,shugiin_pr,25,滋賀県,8.705815808695776,,11.289920466960575,,8.507103924294325,21.349119919744798,,,,19.298067184435077,,30.849972695869443,2024-06,41490,0.06360070752903176,684.0,2487.0,26118.0,3294.0,1840.0,5301.0,39.0,1375.0,352.0
2024_shugiin,2024,2024-10-27,shugiin_pr,26,京都府,10.60226125282377,,11.272715899822112,,13.860265365507585,18.297484242597065,,,,21.095740188642957,,24.871533050606512,2024-06,79617,0.10925809822361547,691.0,4495.0,38643.0,5317.0,2577.0,8200.0,255.0,18638.0,801.0
2024_shugiin,2024,2024-10-27,shugiin_pr,27,大阪府,14.946429978912995,,9.337512568015093,,8.307315683927712,35.977551614731276,,,,11.69644828249445,,19.73474187191847,2024-06,317421,0.11269595333576377,2864.0,26353.0,171052.0,19496.0,9280.0,45246.0,180.0,39857.0,3093.0
2024_shugiin,2024,2024-10-27,shugiin_pr,28,兵庫県,13.93771600399779,,9.890586458477342,,7.03751596680496,22.183830902327315,,,,20.46846156663452,,26.48188910175808,2024-06,137044,0.07832244865843103,1615.0,8859.0,82412.0,10088.0,4340.0,13511.0,64.0,15067.0,1088.0
2024_shugiin,2024,2024-10-27,shugiin_pr,29,奈良県,11.758591541153102,,9.73369618286376,,7.249722734453943,22.017588174612953,,,,20.113534240621437,,29.12686712629479,2024-06,18320,0.11571254567600488,413.0,1100.0,10042.0,1905.0,876.0,2000.0,47.0,1769.0,168.0
2024_shugiin,2024,2024-10-27,shugiin_pr,30,和歌山県,17.336998664344026,,6.855659357845151,,8.107506987219395,19.15574344967444,,,,15.131648149619972,,33.412443391297025,2024-06,9572,0.1423797589211123,172.0,356.0,5776.0,1102.0,510.0,1079.0,4.0,485.0,88.0
2024_shugiin,2024,2024-10-27,shugiin_pr,31,鳥取県,14.266535140070896,,7.141017885947256,,4.643841048330001,3.35741214532412,,,,17.58208708620941,,53.00910669411832,2024-06,5864,0.11186954872961699,215.0,241.0,3683.0,614.0,220.0,408.0,5.0,418.0,60.0
2024_shugiin,2024,2024-10-27,shugiin_pr,32,島根県,11.32312170132241,,8.529354958542179,,5.626165988943702,3.926493949108248,,,,24.428824222831878,,46.16603917925159,2024-06,10686,0.07450980392156863,336.0,283.0,7246.0,799.0,820.0,623.0,7.0,520.0,52.0
2024_shugiin,2024,2024-10-27,shugiin_pr,33,岡山県,14.038503935646112,,11.491532829721528,,6.353615282634865,7.615824381560595,,,,23.43742044910409,,37.06310312133281,2024-06,37129,0.10760097846190561,1583.0,2055.0,19657.0,4505.0,1187.0,3680.0,43.0,4145.0,274.0
2024_shugiin,2024,2024-10-27,shugiin_pr,34,広島県,13.476394551800011,,13.661521637808283,,5.647408824251183,9.164733346356318,,,,21.94012197647554,,36.10981966330866,2024-06,64419,0.0926993927468874,1957.0,3165.0,38506.0,9100.0,1860.0,4230.0,19.0,5198.0,384.0
2024_shugiin,2024,2024-10-27,shugiin_pr,35,山口県,13.58826139639065,,12.205628013922757,,5.341236935802679,6.189697899594615,,,,19.77957467384775,,42.895601080441544,2024-06,20649,0.12277744548964167,489.0,774.0,13333.0,2341.0,632.0,1334.0,15.0,1566.0,165.0
2024_shugiin,2024,2024-10-27,shugiin_pr,36,徳島県,16.09234119564303,,12.368427322286283,,6.454553324928902,12.678409848204705,,,,19.523775757278838,,32.88249255165823,2024-06,8321,0.1331880702710064,396.0,429.0,4604.0,1213.0,309.0,575.0,5.0,677.0,113.0
2024_shugiin,2024,2024-10-27,shugiin_pr,37,香川県,11.461575122302062,,28.625037003254455,,4.385239333775451,5.8043044098644945,,,,16.29890699544067,,33.424937135362875,2024-06,18415,0.12843924260064954,533.0,592.0,10342.0,4129.0,632.0,1222.0,7.0,809.0,149.0
2024_shugiin,2024,2024-10-27,shugiin_pr,38,愛媛県,14.269693075473075,,14.3643570958013,,4.700521868871439,7.2206217493938185,,,,23.81023952341263,,35.634566687047744,2024-06,17439,0.1584296532483061,913.0,475.0,9685.0,3764.0,643.0,1258.0,9.0,577.0,115.0
2024_shugiin,2024,2024-10-27,shugiin_pr,39,高知県,16.235159860050203,,9.488342490818024,,12.452453405193054,4.9873276591535145,,,,20.243262498759826,,36.593454086025375,2024-06,6379,0.12643475189828712,206.0,184.0,3448.0,1178.0,297.0,380.0,4.0,592.0,90.0
2024_shugiin,2024,2024-10-27,shugiin_pr,40,福岡県,17.891702965593524,,13.231263874993765,,6.218996007276284,9.378202094077484,,,,23.326762498618574,,29.95307255944037,2024-06,105049,0.12578232167352538,1658.0,8612.0,46583.0,9876.0,4198.0,12478.0,106.0,20642.0,896.0
2024_shugiin,2024,2024-10-27,shugiin_pr,41,佐賀県,13.551093476836412,,11.537266079777154,,3.7614704645024672,4.674634077522437,,,,29.851311509762358,,36.62422439159918,2024-06,10378,0.18039126478616924,342.0,636.0,5005.0,1950.0,357.0,820.0,10.0,1149.0,109.0
2024_shugiin,2024,2024-10-27,shugiin_pr,42,長崎県,17.549263378902527,,13.545049872845766,,4.046083622030681,8.437440783696823,,,,22.178529552904195,,34.24363278962001,2024-06,14277,0.18866039463824827,208.0,591.0,6282.0,2793.0,590.0,1211.0,16.0,2503.0,83.0
2024_shugiin,2024,2024-10-27,shugiin_pr,43,熊本県,16.744868465458655,,8.975732647060815,,4.09996412523089,6.892933936303781,,,,23.266441186128358,,40.020059639817504,2024-06,27407,0.2280222242136392,792.0,1471.0,13523.0,5603.0,963.0,3302.0,14.0,1562.0,177.0
2024_shugiin,2024,2024-10-27,shugiin_pr,44,大分県,16.913659947888306,,9.852738679999504,,5.400660832346709,5.412526159019578,,,,28.12574590377262,,34.29466847697328,2024-06,18954,0.11915446386395843,496.0,872.0,9105.0,2180.0,637.0,1526.0,12.0,3976.0,150.0
2024_shugiin,2024,2024-10-27,shugiin_pr,45,宮崎県,16.94795452551324,,12.148640317945922,,4.421658199670407,6.478317909279826,,,,22.680554693830974,,37.32287435375962,2024-06,10494,0.1950802869832593,448.0,426.0,5911.0,1822.0,406.0,729.0,6.0,661.0,85.0
2024_shugiin,2024,2024-10-27,shugiin_pr,46,鹿児島県,14.64275702987496,,8.413285832863291,,4.029794827047255,6.604765127072347,,,,25.192807747701533,,41.116589435440595,2024-06,17358,0.16849545607539548,359.0,460.0,9647.0,3774.0,778.0,1174.0,8.0,1016.0,142.0
2024_shugiin,2024,2024-10-27,shugiin_pr,47,沖縄県,22.615131243742024,,9.256680142259045,,11.022002537581855,7.935511013390749,,,,23.25922191127129,,25.911453151755033,2024-06,26996,0.17277032017029412,244.0,2217.0,11650.0,2654.0,2209.0,3818.0,92.0,3819.0,293.0
2025_sangiin,2025,2025-07-20,sangiin_pr,01,北海道,8.63,,,,,2.97,,,,17.39,,24.59,2025-06,69620,0.15507772966336503,740.0,3568.0,31003.0,15340.0,2251.0,8162.0,94.0,5853.0,2609.0
2025_sangiin,2025,2025-07-20,sangiin_pr,02,青森県,7.45,,,,,2.19,,,,19.36,,29.01,2025-06,8949,0.11236793039154755,128.0,283.0,5264.0,1695.0,384.0,658.0,13.0,448.0,76.0
2025_sangiin,2025,2025-07-20,sangiin_pr,03,岩手県,6.27,,,,,2.89,,,,22.73,,23.69,2025-06,11775,0.10625704622322435,193.0,406.0,6637.0,2202.0,436.0,1064.0,5.0,698.0,134.0
2025_sangiin,2025,2025-07-20,sangiin_pr,04,宮城県,7.94,,,,,3.7,,,,16.31,,24.46,2025-06,31041,0.09569361101306036,255.0,1957.0,14458.0,3567.0,994.0,2830.0,49.0,6649.0,282.0
2025_sangiin,2025,2025-07-20,sangiin_pr,05,秋田県,7.24,,,,,3.26,,,,13.69,,35.44,2025-06,6097,0.09441751929635613,119.0,258.0,3622.0,638.0,256.0,550.0,5.0,583.0,66.0
2025_sangiin,2025,2025-07-20,sangiin_pr,06,山形県,7.02,,,,,3.11,,,,13.23,,31.72,2025-06,10753,0.06909922449791212,198.0,399.0,6681.0,1592.0,414.0,957.0,6.0,409.0,97.0
2025_sangiin,2025,2025-07-20,sangiin_pr,07,福島県,7.99,,,,,3.21,,,,18.16,,26.17,2025-06,20708,0.09357836924376849,302.0,1030.0,11946.0,2376.0,1249.0,2230.0,11.0,1380.0,184.0
2025_sangiin,2025,2025-07-20,sangiin_pr,08,茨城県,9.95,,,,,4.95,,,,12.95,,24.05,2025-06,106490,0.09740514025433335,1085.0,9126.0,53516.0,16673.0,4238.0,13595.0,121.0,6914.0,1222.0
2025_sangiin,2025,2025-07-20,sangiin_pr,09,栃木県,8.69,,,,,3.65,,,,15.35,,25.76,2025-06,59809,0.09755381425137173,654.0,4987.0,32182.0,6893.0,2551.0,8257.0,10.0,3802.0,473.0
2025_sangiin,2025,2025-07-20,sangiin_pr,10,群馬県,8.92,,,,,3.53,,,,12.41,,25.95,2025-06,87299,0.09851516295457405,573.0,6561.0,51027.0,10937.0,3705.0,9592.0,3.0,4217.0,684.0
2025_sangiin,2025,2025-07-20,sangiin_pr,11,埼玉県,9.87,,,,,4.73,,,,12.81,,18.92,2025-06,277209,0.11182904378587157,1750.0,30299.0,138835.0,23140.0,11486.0,43203.0,75.0,24770.0,3651.0
2025_sangiin,2025,2025-07-20,sangiin_pr,12,千葉県,8.87,,,,,4.93,,,,14.97,,20.65,2025-06,247580,0.12982645084447203,1286.0,27553.0,114362.0,23693.0,11178.0,40927.0,152.0,25026.0,3403.0
2025_sangiin,2025,2025-07-20,sangiin_pr,13,東京都,7.68,,,,,5.63,,,,11.71,,17.67,2025-06,775340,0.10454373855873952,1234.0,80547.0,314719.0,28961.0,29056.0,163071.0,919.0,141988.0,14845.0
2025_sangiin,2025,2025-07-20,sangiin_pr,14,神奈川県,8.11,,,,,6.54,,,,12.13,,19.78,2025-06,306363,0.09407542318405829,1316.0,29532.0,162863.0,23751.0,13929.0,49370.0,162.0,20763.0,4677.0
2025_sangiin,2025,2025-07-20,sangiin_pr,15,新潟県,5.69,,,,,3.48,,,,21.18,,29.77,2025-06,24737,0.11734947377930349,336.0,1222.0,12915.0,3190.0,1172.0,2812.0,13.0,2820.0,257.0
2025_sangiin,2025,2025-07-20,sangiin_pr,16,富山県,6.08,,,,,8.98,,,,8.22,,30.19,2025-06,25311,0.08249935848088273,451.0,1475.0,15877.0,3191.0,864.0,2546.0,8.0,650.0,249.0
2025_sangiin,2025,2025-07-20,sangiin_pr,17,石川県,5.81,,,,,5.34,,,,10.38,,28.43,2025-06,22294,0.10180883661164376,325.0,1065.0,11997.0,3393.0,788.0,1887.0,19.0,2603.0,217.0
2025_sangiin,2025,2025-07-20,sangiin_pr,18,福井県,6.26,,,,,4.9,,,,10.53,,30.16,2025-06,20783,0.09748112161377198,467.0,502.0,14213.0,2216.0,993.0,1385.0,2.0,915.0,90.0
2025_sangiin,2025,2025-07-20,sangiin_pr,19,山梨県,8.66,,,,,3.19,,,,14.5,,26.32,2025-06,24392,0.08182906816871424,183.0,1671.0,12863.0,2561.0,1219.0,2961.0,13.0,2195.0,726.0
2025_sangiin,2025,2025-07-20,sangiin_pr,20,長野県,7.31,,,,,3.93,,,,19.06,,22.71,2025-06,48288,0.07703974662086809,323.0,1789.0,28610.0,7191.0,3335.0,4187.0,19.0,2386.0,448.0
2025_sangiin,2025,2025-07-20,sangiin_pr,21,岐阜県,8.02,,,,,4.47,,,,14.0,,26.49,2025-06,77301,0.07936663082787607,1406.0,3396.0,51679.0,8259.0,2741.0,6337.0,17.0,2843.0,623.0
2025_sangiin,2025,2025-07-20,sangiin_pr,22,静岡県,8.24,,,,,4.34,,,,10.92,,23.13,2025-06,128311,0.06646774273983078,977.0,6015.0,85552.0,10730.0,5588.0,11930.0,18.0,6612.0,889.0
2025_sangiin,2025,2025-07-20,sangiin_pr,23,愛知県,8.05,,,,,5.45,,,,12.72,,18.21,2025-06,345900,0.0774324774717248,2806.0,24447.0,219218.0,28487.0,13534.0,35320.0,88.0,18296.0,3704.0
2025_sangiin,2025,2025-07-20,sangiin_pr,24,三重県,8.87,,,,,4.85,,,,18.25,,23.33,2025-06,71154,0.06984017200679607,710.0,4076.0,46681.0,7741.0,2514.0,7310.0,5.0,1711.0,406.0
2025_sangiin,2025,2025-07-20,sangiin_pr,25,滋賀県,6.57,,,,,15.8,,,,8.86,,20.04,2025-06,44345,0.0688117618703302,348.0,3086.0,27130.0,4147.0,1808.0,6029.0,26.0,1354.0,417.0
2025_sangiin,2025,2025-07-20,sangiin_pr,26,京都府,7.94,,,,,16.6,,,,9.62,,16.58,2025-06,88337,0.1095243478151651,494.0,5438.0,40089.0,7190.0,2678.0,10002.0,284.0,21140.0,1022.0
2025_sangiin,2025,2025-07-20,sangiin_pr,27,大阪府,10.63,,,,,27.43,,,,5.76,,11.48,2025-06,360390,0.13536911546495034,1530.0,35073.0,179168.0,26506.0,9707.0,56565.0,234.0,47524.0,4083.0
2025_sangiin,2025,2025-07-20,sangiin_pr,28,兵庫県,9.61,,,,,15.9,,,,8.89,,17.86,2025-06,148569,0.08409707831061557,993.0,10604.0,84571.0,13181.0,4439.0,15460.0,66.0,17963.0,1292.0
2025_sangiin,2025,2025-07-20,sangiin_pr,29,奈良県,8.98,,,,,15.49,,,,10.15,,19.81,2025-06,20411,0.11413755458515285,251.0,1419.0,10595.0,2529.0,902.0,2485.0,34.0,1979.0,217.0
2025_sangiin,2025,2025-07-20,sangiin_pr,30,和歌山県,11.52,,,,,13.18,,,,7.34,,24.43,2025-06,10736,0.12160468031759299,113.0,445.0,6199.0,1501.0,517.0,1300.0,5.0,559.0,97.0
2025_sangiin,2025,2025-07-20,sangiin_pr,31,鳥取県,10.36,,,,,3.37,,,,8.01,,41.0,2025-06,6315,0.07690995907230559,133.0,257.0,3887.0,858.0,224.0,430.0,9.0,449.0,68.0
2025_sangiin,2025,2025-07-20,sangiin_pr,32,島根県,8.74,,,,,3.74,,,,11.03,,37.07,2025-06,11652,0.09039865244244806,205.0,342.0,7746.0,969.0,806.0,827.0,7.0,680.0,70.0
2025_sangiin,2025,2025-07-20,sangiin_pr,33,岡山県,10.63,,,,,4.86,,,,13.49,,25.61,2025-06,40130,0.08082630827654932,786.0,2295.0,20918.0,5714.0,1156.0,4147.0,50.0,4771.0,293.0
2025_sangiin,2025,2025-07-20,sangiin_pr,34,広島県,9.52,,,,,4.84,,,,12.31,,24.84,2025-06,69897,0.08503702323848554,1014.0,3481.0,40734.0,11407.0,1794.0,4826.0,27.0,6135.0,479.0
2025_sangiin,2025,2025-07-20,sangiin_pr,35,山口県,10.2,,,,,3.69,,,,9.91,,29.07,2025-06,21866,0.05893747881253329,246.0,849.0,13908.0,2944.0,607.0,1354.0,9.0,1760.0,189.0
2025_sangiin,2025,2025-07-20,sangiin_pr,36,徳島県,10.4,,,,,5.83,,,,10.05,,26.36,2025-06,9190,0.10443456315346714,229.0,501.0,5035.0,1570.0,328.0,653.0,3.0,756.0,115.0
2025_sangiin,2025,2025-07-20,sangiin_pr,37,香川県,9.2,,,,,3.41,,,,8.29,,23.13,2025-06,20671,0.12250882432799348,300.0,741.0,11121.0,5390.0,598.0,1405.0,9.0,951.0,156.0
2025_sangiin,2025,2025-07-20,sangiin_pr,38,愛媛県,11.33,,,,,4.9,,,,10.68,,27.81,2025-06,19069,0.09346866219393314,523.0,578.0,10461.0,4638.0,637.0,1353.0,6.0,749.0,124.0
2025_sangiin,2025,2025-07-20,sangiin_pr,39,高知県,10.52,,,,,3.74,,,,10.3,,27.41,2025-06,6996,0.09672362439253801,111.0,196.0,3647.0,1577.0,298.0,427.0,4.0,637.0,99.0
2025_sangiin,2025,2025-07-20,sangiin_pr,40,福岡県,10.94,,,,,4.92,,,,11.65,,19.84,2025-06,119392,0.13653628306790164,767.0,9755.0,50492.0,13181.0,4354.0,14175.0,125.0,25634.0,909.0
2025_sangiin,2025,2025-07-20,sangiin_pr,41,佐賀県,8.34,,,,,2.94,,,,16.58,,30.69,2025-06,11953,0.15176334553863943,149.0,700.0,5481.0,2612.0,377.0,929.0,9.0,1576.0,120.0
2025_sangiin,2025,2025-07-20,sangiin_pr,42,長崎県,10.58,,,,,3.58,,,,10.79,,30.64,2025-06,16393,0.14821040834909294,108.0,689.0,7165.0,3575.0,593.0,1309.0,20.0,2842.0,92.0
2025_sangiin,2025,2025-07-20,sangiin_pr,43,熊本県,9.9,,,,,3.91,,,,13.91,,29.93,2025-06,30825,0.12471266464771774,419.0,1600.0,15072.0,7075.0,956.0,3722.0,12.0,1793.0,176.0
2025_sangiin,2025,2025-07-20,sangiin_pr,44,大分県,10.17,,,,,3.61,,,,18.0,,24.82,2025-06,21708,0.1452991452991453,246.0,1000.0,10599.0,2972.0,645.0,1719.0,8.0,4335.0,184.0
2025_sangiin,2025,2025-07-20,sangiin_pr,45,宮崎県,10.76,,,,,3.55,,,,14.52,,27.92,2025-06,12147,0.15751858204688393,229.0,528.0,6664.0,2540.0,407.0,836.0,7.0,846.0,90.0
2025_sangiin,2025,2025-07-20,sangiin_pr,46,鹿児島県,9.2,,,,,4.12,,,,12.4,,31.89,2025-06,20032,0.15405000576103237,223.0,511.0,10854.0,5067.0,794.0,1241.0,10.0,1189.0,143.0
2025_sangiin,2025,2025-07-20,sangiin_pr,47,沖縄県,10.64,,,,,5.78,,,,9.78,,16.92,2025-06,31249,0.1575418580530449,97.0,2410.0,12984.0,3732.0,2377.0,4213.0,116.0,4960.0,360.0
2026_shugiin,2026,2026-02-08,shugiin_pr,01,北海道,,10.731413410636602,14.37938042183458,,8.809891909898415,6.173967835129579,,,,,,59.90534642250083,2025-06,69620,0.15507772966336503,740.0,3568.0,31003.0,15340.0,2251.0,8162.0,94.0,5853.0,2609.0
2026_shugiin,2026,2026-02-08,shugiin_pr,02,青森県,,10.106576860889314,13.040010716878147,,6.721725666611629,5.484611622205122,,,,,,64.64707513341578,2025-06,8949,0.11236793039154755,128.0,283.0,5264.0,1695.0,384.0,658.0,13.0,448.0,76.0
2026_shugiin,2026,2026-02-08,shugiin_pr,03,岩手県,,11.428313899655027,15.437141678752967,,7.511806335133304,5.8139884244654025,,,,,,59.808749661993296,2025-06,11775,0.10625704622322435,193.0,406.0,6637.0,2202.0,436.0,1064.0,5.0,698.0,134.0
2026_shugiin,2026,2026-02-08,shugiin_pr,04,宮城県,,12.562162323512732,12.908420644159877,,6.233993015133876,7.50738783916898,,,,,,60.78803617802454,2025-06,31041,0.09569361101306036,255.0,1957.0,14458.0,3567.0,994.0,2830.0,49.0,6649.0,282.0
2026_shugiin,2026,2026-02-08,shugiin_pr,05,秋田県,,7.208644705795378,20.21790425027261,,4.647330257086354,7.523456896604834,,,,,,60.402663890240824,2025-06,6097,0.09441751929635613,119.0,258.0,3622.0,638.0,256.0,550.0,5.0,583.0,66.0
2026_shugiin,2026,2026-02-08,shugiin_pr,06,山形県,,9.398597067500573,19.756353149685765,,4.749344017076293,5.479012693857125,,,,,,60.61669307188025,2025-06,10753,0.06909922449791212,198.0,399.0,6681.0,1592.0,414.0,957.0,6.0,409.0,97.0
2026_shugiin,2026,2026-02-08,shugiin_pr,07,福島県,,11.159886126887184,12.049252261765462,,6.306365763863124,5.649419218585006,,,,,,64.83507662889923,2025-06,20708,0.09357836924376849,302.0,1030.0,11946.0,2376.0,1249.0,2230.0,11.0,1380.0,184.0
2026_shugiin,2026,2026-02-08,shugiin_pr,08,茨城県,,12.328815319512385,14.546330266325025,,4.8998126795558665,7.982107500582343,,,,,,60.24293423402438,2025-06,106490,0.09740514025433335,1085.0,9126.0,53516.0,16673.0,4238.0,13595.0,121.0,6914.0,1222.0
2026_shugiin,2026,2026-02-08,shugiin_pr,09,栃木県,,12.663343125479356,14.288091689217545,,4.058072732008741,8.062059534318337,,,,,,60.928432918976014,2025-06,59809,0.09755381425137173,654.0,4987.0,32182.0,6893.0,2551.0,8257.0,10.0,3802.0,473.0
2026_shugiin,2026,2026-02-08,shugiin_pr,10,群馬県,,15.387755326178679,13.235135298392308,,6.536020691510879,6.867516853953151,,,,,,57.97357182996499,2025-06,87299,0.09851516295457405,573.0,6561.0,51027.0,10937.0,3705.0,9592.0,3.0,4217.0,684.0
2026_shugiin,2026,2026-02-08,shugiin_pr,11,埼玉県,,12.232435773104461,17.36834005506035,,7.619971224005726,8.70842687159995,,,,,,54.070826076229515,2025-06,277209,0.11182904378587157,1750.0,30299.0,138835.0,23140.0,11486.0,43203.0,75.0,24770.0,3651.0
2026_shugiin,2026,2026-02-08,shugiin_pr,12,千葉県,,11.568033295608046,15.980206861883325,,6.297576688581033,8.180227643555014,,,,,,57.973955510372576,2025-06,247580,0.12982645084447203,1286.0,27553.0,114362.0,23693.0,11178.0,40927.0,152.0,25026.0,3403.0
2026_shugiin,2026,2026-02-08,shugiin_pr,13,東京都,,10.145722943463756,17.739833202896875,,9.673348149394172,9.13499484193905,,,,,,53.30610086230615,2025-06,775340,0.10454373855873952,1234.0,80547.0,314719.0,28961.0,29056.0,163071.0,919.0,141988.0,14845.0
2026_shugiin,2026,2026-02-08,shugiin_pr,14,神奈川県,,10.953079807019046,17.487347811828798,,6.906927756227121,11.136990773430552,,,,,,53.515653851494484,2025-06,306363,0.09407542318405829,1316.0,29532.0,162863.0,23751.0,13929.0,49370.0,162.0,20763.0,4677.0
2026_shugiin,2026,2026-02-08,shugiin_pr,15,新潟県,,10.99867381248801,12.274026470534691,,5.391995541097109,8.349239647825096,,,,,,62.986064528055095,2025-06,24737,0.11734947377930349,336.0,1222.0,12915.0,3190.0,1172.0,2812.0,13.0,2820.0,257.0
2026_shugiin,2026,2026-02-08,shugiin_pr,16,富山県,,11.535933295743046,14.82673896467,,4.080493854572333,10.900793778320532,,,,,,58.656040106694086,2025-06,25311,0.08249935848088273,451.0,1475.0,15877.0,3191.0,864.0,2546.0,8.0,650.0,249.0
2026_shugiin,2026,2026-02-08,shugiin_pr,17,石川県,,12.444225374648061,14.141012704614486,,3.9515144633377806,11.29170032284121,,,,,,58.171547134558466,2025-06,22294,0.10180883661164376,325.0,1065.0,11997.0,3393.0,788.0,1887.0,19.0,2603.0,217.0
2026_shugiin,2026,2026-02-08,shugiin_pr,18,福井県,,15.36446742893604,12.923262344864527,,2.9299975186201954,9.829808854981074,,,,,,58.95246385259816,2025-06,20783,0.09748112161377198,467.0,502.0,14213.0,2216.0,993.0,1385.0,2.0,915.0,90.0
2026_shugiin,2026,2026-02-08,shugiin_pr,19,山梨県,,11.632274725363684,12.354384061784064,,6.101095307098853,6.506269884316788,,,,,,63.40597602143661,2025-06,24392,0.08182906816871424,183.0,1671.0,12863.0,2561.0,1219.0,2961.0,13.0,2195.0,726.0
2026_shugiin,2026,2026-02-08,shugiin_pr,20,長野県,,12.025404229365774,14.425355317724357,,9.70627664603331,9.848239702831954,,,,,,53.9947241040446,2025-06,48288,0.07703974662086809,323.0,1789.0,28610.0,7191.0,3335.0,4187.0,19.0,2386.0,448.0
2026_shugiin,2026,2026-02-08,shugiin_pr,21,岐阜県,,12.11704656848937,14.66977434459491,,4.853064029862038,7.991056841210642,,,,,,60.36905821584304,2025-06,77301,0.07936663082787607,1406.0,3396.0,51679.0,8259.0,2741.0,6337.0,17.0,2843.0,623.0
2026_shugiin,2026,2026-02-08,shugiin_pr,22,静岡県,,10.631361032699138,21.058166629431007,,4.919439307433738,6.832389416464844,,,,,,56.55864361397127,2025-06,128311,0.06646774273983078,977.0,6015.0,85552.0,10730.0,5588.0,11930.0,18.0,6612.0,889.0
2026_shugiin,2026,2026-02-08,shugiin_pr,23,愛知県,,11.283503615055679,18.596389309964604,,5.535636404974413,9.630653562819237,,,,,,54.95381710718606,2025-06,345900,0.0774324774717248,2806.0,24447.0,219218.0,28487.0,13534.0,35320.0,88.0,18296.0,3704.0
2026_shugiin,2026,2026-02-08,shugiin_pr,24,三重県,,12.602393489707994,12.798468166586884,,4.92465294399234,9.206701771182384,,,,,,60.467783628530405,2025-06,71154,0.06984017200679607,710.0,4076.0,46681.0,7741.0,2514.0,7310.0,5.0,1711.0,406.0
2026_shugiin,2026,2026-02-08,shugiin_pr,25,滋賀県,,10.047648250122757,12.153780986641209,,6.686771235714481,21.359313325704555,,,,,,49.752486201817,2025-06,44345,0.0688117618703302,348.0,3086.0,27130.0,4147.0,1808.0,6029.0,26.0,1354.0,417.0
2026_shugiin,2026,2026-02-08,shugiin_pr,26,京都府,,9.237269290638203,10.639346866164745,,12.998761078814447,21.251246862988022,,,,,,45.87337590139458,2025-06,88337,0.1095243478151651,494.0,5438.0,40089.0,7190.0,2678.0,10002.0,284.0,21140.0,1022.0
2026_shugiin,2026,2026-02-08,shugiin_pr,27,大阪府,,9.12687658840105,8.452585596699496,,6.546335807362766,43.857328722335694,,,,,,32.016873285200994,2025-06,360390,0.13536911546495034,1530.0,35073.0,179168.0,26506.0,9707.0,56565.0,234.0,47524.0,4083.0
2026_shugiin,2026,2026-02-08,shugiin_pr,28,兵庫県,,10.030201083716616,10.113220751788573,,5.989756079756815,25.4919625026867,,,,,,48.3748595820513,2025-06,148569,0.08409707831061557,993.0,10604.0,84571.0,13181.0,4439.0,15460.0,66.0,17963.0,1292.0
2026_shugiin,2026,2026-02-08,shugiin_pr,29,奈良県,,6.837844837490434,10.421993266334201,,5.511558031619799,19.977061138491916,,,,,,57.251542726063654,2025-06,20411,0.11413755458515285,251.0,1419.0,10595.0,2529.0,902.0,2485.0,34.0,1979.0,217.0
2026_shugiin,2026,2026-02-08,shugiin_pr,30,和歌山県,,10.362130069478633,10.278664419180146,,6.602263353688953,18.344510992360938,,,,,,54.41243116529133,2025-06,10736,0.12160468031759299,113.0,445.0,6199.0,1501.0,517.0,1300.0,5.0,559.0,97.0
2026_shugiin,2026,2026-02-08,shugiin_pr,31,鳥取県,,11.884255344622453,12.530773202433421,,6.254910617409588,8.0088896205449,,,,,,61.32117121498963,2025-06,6315,0.07690995907230559,133.0,257.0,3887.0,858.0,224.0,430.0,9.0,449.0,68.0
2026_shugiin,2026,2026-02-08,shugiin_pr,32,島根県,,10.941307730702604,11.021560625189622,,5.965628272507511,7.45715767736379,,,,,,64.61434569423648,2025-06,11652,0.09039865244244806,205.0,342.0,7746.0,969.0,806.0,827.0,7.0,680.0,70.0
2026_shugiin,2026,2026-02-08,shugiin_pr,33,岡山県,,11.419778069796239,11.981750951117142,,5.56461654780214,9.330678759216235,,,,,,61.70317567206824,2025-06,40130,0.08082630827654932,786.0,2295.0,20918.0,5714.0,1156.0,4147.0,50.0,4771.0,293.0
2026_shugiin,2026,2026-02-08,shugiin_pr,34,広島県,,11.673888900986434,14.668799819646955,,4.942288306128801,11.773928481306944,,,,,,56.94109449193087,2025-06,69897,0.08503702323848554,1014.0,3481.0,40734.0,11407.0,1794.0,4826.0,27.0,6135.0,479.0
2026_shugiin,2026,2026-02-08,shugiin_pr,35,山口県,,12.621848513627324,11.178257207877149,,4.1491210780009675,9.271014388875948,,,,,,62.77975881161861,2025-06,21866,0.05893747881253329,246.0,849.0,13908.0,2944.0,607.0,1354.0,9.0,1760.0,189.0
2026_shugiin,2026,2026-02-08,shugiin_pr,36,徳島県,,11.15615167795948,14.084021893916162,,4.985360648920216,14.50366928928786,,,,,,55.270796489916286,2025-06,9190,0.10443456315346714,229.0,501.0,5035.0,1570.0,328.0,653.0,3.0,756.0,115.0
2026_shugiin,2026,2026-02-08,shugiin_pr,37,香川県,,8.407283321194464,29.533284777858704,,3.4563729060451567,8.675892206846322,,,,,,49.92716678805535,2025-06,20671,0.12250882432799348,300.0,741.0,11121.0,5390.0,598.0,1405.0,9.0,951.0,156.0
2026_shugiin,2026,2026-02-08,shugiin_pr,38,愛媛県,,13.201403728538796,12.089427824036548,,4.349117603713801,9.29993183995284,,,,,,61.06011900375802,2025-06,19069,0.09346866219393314,523.0,578.0,10461.0,4638.0,637.0,1353.0,6.0,749.0,124.0
2026_shugiin,2026,2026-02-08,shugiin_pr,39,高知県,,11.712520486897592,12.089111098834318,,11.83406073329282,7.606854133289137,,,,,,56.75745354768613,2025-06,6996,0.09672362439253801,111.0,196.0,3647.0,1577.0,298.0,427.0,4.0,637.0,99.0
2026_shugiin,2026,2026-02-08,shugiin_pr,40,福岡県,,12.81531424689988,13.401547292238583,,5.365197680917897,10.68983273761276,,,,,,57.72810804233088,2025-06,119392,0.13653628306790164,767.0,9755.0,50492.0,13181.0,4354.0,14175.0,125.0,25634.0,909.0
2026_shugiin,2026,2026-02-08,shugiin_pr,41,佐賀県,,12.302207401014675,10.231381207137082,,3.2044809947339097,6.217924816817974,,,,,,68.04400558029636,2025-06,11953,0.15176334553863943,149.0,700.0,5481.0,2612.0,377.0,929.0,9.0,1576.0,120.0
2026_shugiin,2026,2026-02-08,shugiin_pr,42,長崎県,,9.99269801131073,15.475805424054418,,4.07539180805081,8.507551922530311,,,,,,61.94855283405373,2025-06,16393,0.14821040834909294,108.0,689.0,7165.0,3575.0,593.0,1309.0,20.0,2842.0,92.0
2026_shugiin,2026,2026-02-08,shugiin_pr,43,熊本県,,14.35097224283806,9.71055365889862,,4.0387041709959925,9.021077630993023,,,,,,62.87869229627431,2025-06,30825,0.12471266464771774,419.0,1600.0,15072.0,7075.0,956.0,3722.0,12.0,1793.0,176.0
2026_shugiin,2026,2026-02-08,shugiin_pr,44,大分県,,13.202401755966598,11.989732674644301,,5.011821331608004,9.123891183282037,,,,,,60.672153054499056,2025-06,21708,0.1452991452991453,246.0,1000.0,10599.0,2972.0,645.0,1719.0,8.0,4335.0,184.0
2026_shugiin,2026,2026-02-08,shugiin_pr,45,宮崎県,,11.306258631593892,14.362649560514734,,4.006995624507918,9.385365979581037,,,,,,60.938730203802415,2025-06,12147,0.15751858204688393,229.0,528.0,6664.0,2540.0,407.0,836.0,7.0,846.0,90.0
2026_shugiin,2026,2026-02-08,shugiin_pr,46,鹿児島県,,12.48226004833868,9.261114886077255,,3.8511822333846535,7.48539948220844,,,,,,66.92004334999096,2025-06,20032,0.15405000576103237,223.0,511.0,10854.0,5067.0,794.0,1241.0,10.0,1189.0,143.0
2026_shugiin,2026,2026-02-08,shugiin_pr,47,沖縄県,,12.943136605645869,11.311973426257339,,10.449483083941702,7.01213583303112,,,,,,58.283271051123975,2025-06,31249,0.1575418580530449,97.0,2410.0,12984.0,3732.0,2377.0,4213.0,116.0,4960.0,360.0
